codigo_tpu,nome_tpu,decisao,fundamento
3548,Peculato,inclui,"CP art. 312 (Título XI)"
3553,Concussão,inclui,"CP art. 316 (Título XI)"
3555,Corrupção passiva,inclui,"CP art. 317 (Título XI)"
3557,Prevaricação,inclui,"CP art. 319 (Título XI)"
3559,Advocacia administrativa,inclui,"CP art. 321 (Título XI)"
3563,Violação do sigilo funcional,inclui,"CP art. 325 (Título XI)"
3547,Crimes Praticados por Funcionários Públicos Contra a Administração em Geral,inclui,"CP Título XI, Capítulo I"
3596,Inserção de dados falsos em sistema de informações,inclui,"CP art. 313-A (Título XI)"
3567,Tráfico de influência,inclui,"CP art. 332 (Título XI)"
3568,Corrupção ativa,inclui,"CP art. 333 (Título XI)"
3576,Denunciação caluniosa,inclui,"CP art. 339 (Título XI)"
3579,Falso testemunho ou falsa perícia,inclui,"CP art. 342 (Título XI)"
3580,Coação no curso do processo,inclui,"CP art. 344 (Título XI)"
3584,Favorecimento real,inclui,"CP art. 349 (Título XI)"
3593,Exploração de prestígio,inclui,"CP art. 357 (Título XI)"
5906,Ordenação de Despesa Não Autorizada,inclui,"CP art. 359-D (Título XI)"
5909,Aumento de Despesa com Pessoal no Último Ano do Mandato ou Legislatura,inclui,"CP art. 359-G (Título XI)"
3642,Crimes da Lei de licitações,inclui,"Lei 8.666/1993, arts. 89 a 99; desde a Lei 14.133/2021, CP arts. 337-E a 337-P (Título XI); D-024"
3628,"Crimes de ""Lavagem"" ou Ocultação de Bens, Direitos ou Valores",inclui,"Lei 9.613/1998"
12333,Crimes previstos na Lei da Organização Criminosa,inclui,"Lei 12.850/2013"
12334,"Promoção, constituição, financiamento ou integração de Organização Criminosa",inclui,"Lei 12.850/2013, art. 2º"
12335,Crimes ocorridos na investigação da prova,inclui,"Lei 12.850/2013, arts. 18 a 21"
12337,Imputação falsa de prática de infração penal ou revelação inverídica sobre estrutura de organização criminal,inclui,"Lei 12.850/2013, art. 19"
3521,Quadrilha ou Bando,conexo,"CP art. 288; entra só com assunto incluído (associação criminosa conexa)"
3654,Crimes Eleitorais,conexo,"Código Eleitoral; o protocolo inclui o art. 350 conexo; o código TPU é genérico"
3533,Falsidade ideológica,conexo,"CP art. 299; entra só com assunto incluído"
287,DIREITO PENAL,indeterminado,"assunto genérico: revisar pela fonte primária"
4263,Ação Penal,indeterminado,"assunto genérico: revisar pela fonte primária"
15381,,indeterminado,"assunto sem nome na fonte: revisar pela fonte primária"
3604,Crimes de Responsabilidade,exclui,"Decreto-Lei 201/1967; fora dos tipos do protocolo"
3606,Crimes de Abuso de Autoridade,exclui,"Lei 13.869/2019; fora do eixo 1 (pode interessar ao eixo 3)"
3612,Crimes contra o Sistema Financeiro Nacional,exclui,"Lei 7.492/1986; fora dos tipos do protocolo"
3614,Crimes contra a Ordem Tributária,exclui,"Lei 8.137/1990; fora dos tipos do protocolo"
3615,Crimes contra a Ordem Econômica,exclui,"fora dos tipos do protocolo"
3394,Crimes contra a Honra,exclui,"fora dos tipos do protocolo"
3395,Calúnia,exclui,"fora dos tipos do protocolo"
3396,Difamação,exclui,"fora dos tipos do protocolo"
3397,Injúria,exclui,"fora dos tipos do protocolo"
3530,Falsificação do selo ou sinal público,exclui,"CP Título X (fé pública); fora dos tipos do protocolo"
3532,Falsificação de documento particular,exclui,"CP Título X (fé pública); fora dos tipos do protocolo"
3539,Uso de documento falso,exclui,"CP Título X (fé pública); fora dos tipos do protocolo"
3540,Supressão de documento,exclui,"CP art. 305 (Título X); fora dos tipos do protocolo"
3370,Homicídio Simples,exclui,"fora dos tipos do protocolo"
3402,Ameaça,exclui,"fora dos tipos do protocolo"
3417,Furto Qualificado,exclui,"fora dos tipos do protocolo"
3430,Apropriação indébita Previdenciária,exclui,"fora dos tipos do protocolo"
3431,Estelionato,exclui,"fora dos tipos do protocolo"
3432,Estelionato Majorado,exclui,"fora dos tipos do protocolo"
3436,Apropriação indébita,exclui,"fora dos tipos do protocolo"
9690,Estelionato,exclui,"fora dos tipos do protocolo"
3603,Crimes Previstos na Legislação Extravagante,exclui,"genérico; fora dos tipos do protocolo"
3607,Crimes de Tráfico Ilícito e Uso Indevido de Drogas,exclui,"fora dos tipos do protocolo"
3618,Crimes contra o Meio Ambiente e o Patrimônio Genético,exclui,"fora dos tipos do protocolo"
3620,Crimes contra a Flora,exclui,"fora dos tipos do protocolo"
3621,Poluição,exclui,"fora dos tipos do protocolo"
3633,Crimes do Sistema Nacional de Armas,exclui,"fora dos tipos do protocolo"
3660,Parcelamento do solo urbano,exclui,"fora dos tipos do protocolo"
10949,Violência Doméstica Contra a Mulher,exclui,"fora dos tipos do protocolo"
5560,Decorrente de Violência Doméstica,exclui,"fora dos tipos do protocolo"
14226,Crimes Previstos na Lei Maria da Penha,exclui,"fora dos tipos do protocolo"
3386,Leve,qualificador,"qualificador, não é tipo penal"
5555,Crime Tentado,qualificador,"qualificador, não é tipo penal"
5865,Crime Culposo,qualificador,"qualificador, não é tipo penal"
8829,Competência,qualificador,"questão processual, não é tipo penal"
