nome_partes,id_ator,metodo,observacao
JOSÉ DIRCEU DE OLIVEIRA E SILVA,ATR-000642,palavras_unico,
JOSÉ GENOÍNO NETO,ATR-000075,palavras_unico,
DELÚBIO SOARES DE CASTRO,,novo,sem correspondência única na base; entra como ator novo
SÍLVIO JOSÉ PEREIRA,,novo,sem correspondência única na base; entra como ator novo
MARCOS VALÉRIO FERNANDES DE SOUZA,,novo,sem correspondência única na base; entra como ator novo
RAMON HOLLERBACH CARDOSO,,novo,sem correspondência única na base; entra como ator novo
CRISTIANO DE MELLO PAZ,,novo,sem correspondência única na base; entra como ator novo
ROGÉRIO LANZA TOLENTINO,,novo,sem correspondência única na base; entra como ator novo
SIMONE REIS LOBO DE VASCONCELOS,,novo,sem correspondência única na base; entra como ator novo
GEIZA DIAS DOS SANTOS,,novo,sem correspondência única na base; entra como ator novo
KÁTIA RABELLO,,novo,sem correspondência única na base; entra como ator novo
JOSE ROBERTO SALGADO,,novo,sem correspondência única na base; entra como ator novo
VINÍCIUS SAMARANE,,novo,sem correspondência única na base; entra como ator novo
AYANNA TENÓRIO TÔRRES DE JESUS,,novo,sem correspondência única na base; entra como ator novo
JOÃO PAULO CUNHA,ATR-000072,nome_igual,
LUIZ GUSHIKEN,,novo,sem correspondência única na base; entra como ator novo
PEDRO DA SILVA CORRÊA DE OLIVEIRA ANDRADE NETO,ATR-000488,palavras_unico,
JOSE MOHAMED JANENE,ATR-000143,palavras_unico,
JOÃO CLÁUDIO DE CARVALHO GENU,,novo,sem correspondência única na base; entra como ator novo
ENIVALDO QUADRADO,,novo,sem correspondência única na base; entra como ator novo
BRENO FISCHBERG,,novo,sem correspondência única na base; entra como ator novo
CARLOS ALBERTO QUAGLIA,,novo,sem correspondência única na base; entra como ator novo
VALDEMAR COSTA NETO,ATR-000090,nome_igual,
JACINTO DE SOUZA LAMAS,,novo,sem correspondência única na base; entra como ator novo
ANTÔNIO DE PÁDUA DE SOUZA LAMAS,,novo,sem correspondência única na base; entra como ator novo
CARLOS ALBERTO RODRIGUES PINTO (BISPO RODRIGUES),ATR-000603,manual_a_conferir,"Carlos Rodrigues, deputado na legislatura 52 (2003-2007), período dos fatos; conferir se é a mesma pessoa"
ROBERTO JEFFERSON MONTEIRO FRANCISCO,ATR-000027,palavras_unico,
EMERSON ELOY PALMIERI,,novo,sem correspondência única na base; entra como ator novo
ROMEU FERREIRA QUEIROZ,ATR-000581,palavras_unico,
JOSÉ RODRIGUES BORBA,ATR-000142,palavras_unico,
PAULO ROBERTO GALVÃO DA ROCHA,ATR-000272,manual,"dois parlamentares com palavras contidas (Paulo Rocha, Roberto Rocha); Paulo Rocha tem o mesmo prenome e mandato na legislatura 52"
ANITA LEOCÁDIA PEREIRA DA COSTA,,novo,sem correspondência única na base; entra como ator novo
LUIZ CARLOS DA SILVA (PROFESSOR LUIZINHO),ATR-000649,manual,o nome na aba Partes traz o nome parlamentar entre parênteses
JOÃO MAGNO DE MOURA,ATR-000094,palavras_unico,
ANDERSON ADAUTO PEREIRA,ATR-000299,manual,"dois parlamentares com palavras contidas (Anderson Adauto, Adauto Pereira); Anderson Adauto tem o mesmo prenome"
JOSÉ LUIZ ALVES,,novo,sem correspondência única na base; entra como ator novo
JOSÉ EDUARDO CAVALCANTI DE MENDONÇA (DUDA MENDONÇA),,novo,sem correspondência única na base; entra como ator novo
ZILMAR FERNANDES SILVEIRA,,novo,sem correspondência única na base; entra como ator novo
HENRIQUE PIZZOLATO,,novo,sem correspondência única na base; entra como ator novo
PEDRO HENRY NETO,ATR-000285,palavras_unico,
