casa,processo,id_ator,motivo
CD,REP 103/2006,ATR-000427,"grafia divergente (Bengston/Bengtson); único deputado JOSUÉ da Casa na data; mandato 2003-2007"
CD,REP 95/2006,ATR-000199,"grafia divergente (Corrêa/Correia); único deputado JOÃO com esse sobrenome na Casa na data; mandato 2003-2007"
CD,REP 3/2007,ATR-000272,"nome civil na ementa (Paulo Roberto Galvão da Rocha) = PAULO ROCHA; ATR-000343 (Roberto Rocha) casava só pelo prenome do meio e não é deputado em 2007-03-26 na legislatura anterior"
CD,REP 12/2007,ATR-000621,"erro de grafia na ementa (Olivieira/Oliveira); PSC/MG conforme a ementa; único MÁRIO DE OLIVEIRA da Casa na data"
CD,REP 31/2008,ATR-000949,"o mesmo id 141518 da Câmara consta como PAULO PEREIRA DA SILVA e PAULINHO DA FORÇA em deputados_por_legislatura (camara/2026-09-24); PDT/SP conforme a ementa"
CD,REP 12/2012,ATR-001155,"nome civil na ementa (Protógenes Pinheiro Queiroz) = DELEGADO PROTÓGENES; único Protógenes da Casa na data"
CD,REP 16/2017,ATR-000963,"Rocha Loures = RODRIGO ROCHA LOURES; mandato de 2017-03-08 a 2018-05-21 cobre a data"
CD,REP 2/2019,sem_ligacao,"Emerson Miguel Petriv (PROS-PR) não consta em cargos da base (lista de deputados por legislatura do bruto não o traz); fora da base"
CD,REP 3/2019,sem_ligacao,"Emerson Miguel Petriv (PROS-PR) não consta em cargos da base; fora da base"
CD,REP 2/2021,ATR-001631,"Flordelis (nome único); mandato até 2021-08-12 cobre a data"
CD,REP 16/2023,ATR-001085,"Dionilso Marcon = Marcon (PT-RS), único Marcon deputado na data"
CD,REP 21/2023,ATR-001840,"Zucco (nome único); mandato desde 2023-02-01"
SF,DEN 1/2005,sem_ligacao,"a ementa cita o Senador Flexa Ribeiro, mas o cargo de senador dele na base começa em 2011 e a denúncia é de 2005-04-15; não confere"
SF,PCE 1/2006,sem_ligacao,"despacho sobre petição de cidadão; a ementa não nomeia o representado"
SF,PCE 2/2006,sem_ligacao,"despacho sobre petição de cidadão; a ementa não nomeia o representado"
SF,PCE 3/2006,sem_ligacao,"despacho sobre petição de cidadão; a ementa não nomeia o representado"
SF,PCE 4/2006,sem_ligacao,"despacho sobre petição de cidadão; a ementa não nomeia o representado"
SF,PCE 2/2010,ATR-002328,"Gim Argello = Jorge Afonso Argello (nome civil na base); mandato de senador 2007-2015"
SF,PCE 3/2010,ATR-002328,"Gim Argello = Jorge Afonso Argello (nome civil na base); mandato de senador 2007-2015"
SF,PCE 2/2016,ATR-001146,"Romário (nome único); mandato desde 2015-02-01"
SF,PCE 3/2016,ATR-001146,"Romário (nome único); mandato desde 2015-02-01"
SF,PCE 2/2017,sem_ligacao,"a ementa fala em senadores sem nomeá-los"
SF,PCE 6/2017,ATR-001146,"Romário (nome único); mandato desde 2015-02-01"
SF,PCE 4/2018,ATR-001146,"Romário (nome único); mandato desde 2015-02-01"
SF,PCE 8/2018,sem_ligacao,"decisão da Presidência sobre ofício do STF; a ementa não nomeia o representado"
SF,PCE 3/2026,ATR-002571,"Giordano (nome único); mandato desde 2019-02-01"
SF,PCE 4/2026,ATR-002571,"Giordano (nome único); mandato desde 2019-02-01"
