uf,nome,ano,populacao,tabela,variavel,url,data_acesso,metodo
RO,Rondônia,2021,1815278,SIDRA 6579,9324 População residente estimada,"https://apisidra.ibge.gov.br/values/t/6579/n3/all/v/9324/p/2021,2024,2025",2026-09-30,Valores lidos na resposta JSON da API SIDRA por ferramenta de leitura web; refazer por download direto
RO,Rondônia,2024,1746227,SIDRA 6579,9324 População residente estimada,"https://apisidra.ibge.gov.br/values/t/6579/n3/all/v/9324/p/2021,2024,2025",2026-09-30,Valores lidos na resposta JSON da API SIDRA por ferramenta de leitura web; refazer por download direto
RO,Rondônia,2025,1751950,SIDRA 6579,9324 População residente estimada,"https://apisidra.ibge.gov.br/values/t/6579/n3/all/v/9324/p/2021,2024,2025",2026-09-30,Valores lidos na resposta JSON da API SIDRA por ferramenta de leitura web; refazer por download direto
AC,Acre,2021,906876,SIDRA 6579,9324 População residente estimada,"https://apisidra.ibge.gov.br/values/t/6579/n3/all/v/9324/p/2021,2024,2025",2026-09-30,Valores lidos na resposta JSON da API SIDRA por ferramenta de leitura web; refazer por download direto
AC,Acre,2024,880631,SIDRA 6579,9324 População residente estimada,"https://apisidra.ibge.gov.br/values/t/6579/n3/all/v/9324/p/2021,2024,2025",2026-09-30,Valores lidos na resposta JSON da API SIDRA por ferramenta de leitura web; refazer por download direto
AC,Acre,2025,884372,SIDRA 6579,9324 População residente estimada,"https://apisidra.ibge.gov.br/values/t/6579/n3/all/v/9324/p/2021,2024,2025",2026-09-30,Valores lidos na resposta JSON da API SIDRA por ferramenta de leitura web; refazer por download direto
AM,Amazonas,2021,4269995,SIDRA 6579,9324 População residente estimada,"https://apisidra.ibge.gov.br/values/t/6579/n3/all/v/9324/p/2021,2024,2025",2026-09-30,Valores lidos na resposta JSON da API SIDRA por ferramenta de leitura web; refazer por download direto
AM,Amazonas,2024,4281209,SIDRA 6579,9324 População residente estimada,"https://apisidra.ibge.gov.br/values/t/6579/n3/all/v/9324/p/2021,2024,2025",2026-09-30,Valores lidos na resposta JSON da API SIDRA por ferramenta de leitura web; refazer por download direto
AM,Amazonas,2025,4321616,SIDRA 6579,9324 População residente estimada,"https://apisidra.ibge.gov.br/values/t/6579/n3/all/v/9324/p/2021,2024,2025",2026-09-30,Valores lidos na resposta JSON da API SIDRA por ferramenta de leitura web; refazer por download direto
RR,Roraima,2021,652713,SIDRA 6579,9324 População residente estimada,"https://apisidra.ibge.gov.br/values/t/6579/n3/all/v/9324/p/2021,2024,2025",2026-09-30,Valores lidos na resposta JSON da API SIDRA por ferramenta de leitura web; refazer por download direto
RR,Roraima,2024,716793,SIDRA 6579,9324 População residente estimada,"https://apisidra.ibge.gov.br/values/t/6579/n3/all/v/9324/p/2021,2024,2025",2026-09-30,Valores lidos na resposta JSON da API SIDRA por ferramenta de leitura web; refazer por download direto
RR,Roraima,2025,738772,SIDRA 6579,9324 População residente estimada,"https://apisidra.ibge.gov.br/values/t/6579/n3/all/v/9324/p/2021,2024,2025",2026-09-30,Valores lidos na resposta JSON da API SIDRA por ferramenta de leitura web; refazer por download direto
PA,Pará,2021,8777124,SIDRA 6579,9324 População residente estimada,"https://apisidra.ibge.gov.br/values/t/6579/n3/all/v/9324/p/2021,2024,2025",2026-09-30,Valores lidos na resposta JSON da API SIDRA por ferramenta de leitura web; refazer por download direto
PA,Pará,2024,8664306,SIDRA 6579,9324 População residente estimada,"https://apisidra.ibge.gov.br/values/t/6579/n3/all/v/9324/p/2021,2024,2025",2026-09-30,Valores lidos na resposta JSON da API SIDRA por ferramenta de leitura web; refazer por download direto
PA,Pará,2025,8711196,SIDRA 6579,9324 População residente estimada,"https://apisidra.ibge.gov.br/values/t/6579/n3/all/v/9324/p/2021,2024,2025",2026-09-30,Valores lidos na resposta JSON da API SIDRA por ferramenta de leitura web; refazer por download direto
AP,Amapá,2021,877613,SIDRA 6579,9324 População residente estimada,"https://apisidra.ibge.gov.br/values/t/6579/n3/all/v/9324/p/2021,2024,2025",2026-09-30,Valores lidos na resposta JSON da API SIDRA por ferramenta de leitura web; refazer por download direto
AP,Amapá,2024,802837,SIDRA 6579,9324 População residente estimada,"https://apisidra.ibge.gov.br/values/t/6579/n3/all/v/9324/p/2021,2024,2025",2026-09-30,Valores lidos na resposta JSON da API SIDRA por ferramenta de leitura web; refazer por download direto
AP,Amapá,2025,806517,SIDRA 6579,9324 População residente estimada,"https://apisidra.ibge.gov.br/values/t/6579/n3/all/v/9324/p/2021,2024,2025",2026-09-30,Valores lidos na resposta JSON da API SIDRA por ferramenta de leitura web; refazer por download direto
TO,Tocantins,2021,1607363,SIDRA 6579,9324 População residente estimada,"https://apisidra.ibge.gov.br/values/t/6579/n3/all/v/9324/p/2021,2024,2025",2026-09-30,Valores lidos na resposta JSON da API SIDRA por ferramenta de leitura web; refazer por download direto
TO,Tocantins,2024,1577342,SIDRA 6579,9324 População residente estimada,"https://apisidra.ibge.gov.br/values/t/6579/n3/all/v/9324/p/2021,2024,2025",2026-09-30,Valores lidos na resposta JSON da API SIDRA por ferramenta de leitura web; refazer por download direto
TO,Tocantins,2025,1586859,SIDRA 6579,9324 População residente estimada,"https://apisidra.ibge.gov.br/values/t/6579/n3/all/v/9324/p/2021,2024,2025",2026-09-30,Valores lidos na resposta JSON da API SIDRA por ferramenta de leitura web; refazer por download direto
MA,Maranhão,2021,7153262,SIDRA 6579,9324 População residente estimada,"https://apisidra.ibge.gov.br/values/t/6579/n3/all/v/9324/p/2021,2024,2025",2026-09-30,Valores lidos na resposta JSON da API SIDRA por ferramenta de leitura web; refazer por download direto
MA,Maranhão,2024,7010960,SIDRA 6579,9324 População residente estimada,"https://apisidra.ibge.gov.br/values/t/6579/n3/all/v/9324/p/2021,2024,2025",2026-09-30,Valores lidos na resposta JSON da API SIDRA por ferramenta de leitura web; refazer por download direto
MA,Maranhão,2025,7018211,SIDRA 6579,9324 População residente estimada,"https://apisidra.ibge.gov.br/values/t/6579/n3/all/v/9324/p/2021,2024,2025",2026-09-30,Valores lidos na resposta JSON da API SIDRA por ferramenta de leitura web; refazer por download direto
PI,Piauí,2021,3289290,SIDRA 6579,9324 População residente estimada,"https://apisidra.ibge.gov.br/values/t/6579/n3/all/v/9324/p/2021,2024,2025",2026-09-30,Valores lidos na resposta JSON da API SIDRA por ferramenta de leitura web; refazer por download direto
PI,Piauí,2024,3375646,SIDRA 6579,9324 População residente estimada,"https://apisidra.ibge.gov.br/values/t/6579/n3/all/v/9324/p/2021,2024,2025",2026-09-30,Valores lidos na resposta JSON da API SIDRA por ferramenta de leitura web; refazer por download direto
PI,Piauí,2025,3384547,SIDRA 6579,9324 População residente estimada,"https://apisidra.ibge.gov.br/values/t/6579/n3/all/v/9324/p/2021,2024,2025",2026-09-30,Valores lidos na resposta JSON da API SIDRA por ferramenta de leitura web; refazer por download direto
CE,Ceará,2021,9240580,SIDRA 6579,9324 População residente estimada,"https://apisidra.ibge.gov.br/values/t/6579/n3/all/v/9324/p/2021,2024,2025",2026-09-30,Valores lidos na resposta JSON da API SIDRA por ferramenta de leitura web; refazer por download direto
CE,Ceará,2024,9233656,SIDRA 6579,9324 População residente estimada,"https://apisidra.ibge.gov.br/values/t/6579/n3/all/v/9324/p/2021,2024,2025",2026-09-30,Valores lidos na resposta JSON da API SIDRA por ferramenta de leitura web; refazer por download direto
CE,Ceará,2025,9268836,SIDRA 6579,9324 População residente estimada,"https://apisidra.ibge.gov.br/values/t/6579/n3/all/v/9324/p/2021,2024,2025",2026-09-30,Valores lidos na resposta JSON da API SIDRA por ferramenta de leitura web; refazer por download direto
RN,Rio Grande do Norte,2021,3560903,SIDRA 6579,9324 População residente estimada,"https://apisidra.ibge.gov.br/values/t/6579/n3/all/v/9324/p/2021,2024,2025",2026-09-30,Valores lidos na resposta JSON da API SIDRA por ferramenta de leitura web; refazer por download direto
RN,Rio Grande do Norte,2024,3446071,SIDRA 6579,9324 População residente estimada,"https://apisidra.ibge.gov.br/values/t/6579/n3/all/v/9324/p/2021,2024,2025",2026-09-30,Valores lidos na resposta JSON da API SIDRA por ferramenta de leitura web; refazer por download direto
RN,Rio Grande do Norte,2025,3455236,SIDRA 6579,9324 População residente estimada,"https://apisidra.ibge.gov.br/values/t/6579/n3/all/v/9324/p/2021,2024,2025",2026-09-30,Valores lidos na resposta JSON da API SIDRA por ferramenta de leitura web; refazer por download direto
PB,Paraíba,2021,4059905,SIDRA 6579,9324 População residente estimada,"https://apisidra.ibge.gov.br/values/t/6579/n3/all/v/9324/p/2021,2024,2025",2026-09-30,Valores lidos na resposta JSON da API SIDRA por ferramenta de leitura web; refazer por download direto
PB,Paraíba,2024,4145040,SIDRA 6579,9324 População residente estimada,"https://apisidra.ibge.gov.br/values/t/6579/n3/all/v/9324/p/2021,2024,2025",2026-09-30,Valores lidos na resposta JSON da API SIDRA por ferramenta de leitura web; refazer por download direto
PB,Paraíba,2025,4164468,SIDRA 6579,9324 População residente estimada,"https://apisidra.ibge.gov.br/values/t/6579/n3/all/v/9324/p/2021,2024,2025",2026-09-30,Valores lidos na resposta JSON da API SIDRA por ferramenta de leitura web; refazer por download direto
PE,Pernambuco,2021,9674793,SIDRA 6579,9324 População residente estimada,"https://apisidra.ibge.gov.br/values/t/6579/n3/all/v/9324/p/2021,2024,2025",2026-09-30,Valores lidos na resposta JSON da API SIDRA por ferramenta de leitura web; refazer por download direto
PE,Pernambuco,2024,9539029,SIDRA 6579,9324 População residente estimada,"https://apisidra.ibge.gov.br/values/t/6579/n3/all/v/9324/p/2021,2024,2025",2026-09-30,Valores lidos na resposta JSON da API SIDRA por ferramenta de leitura web; refazer por download direto
PE,Pernambuco,2025,9562007,SIDRA 6579,9324 População residente estimada,"https://apisidra.ibge.gov.br/values/t/6579/n3/all/v/9324/p/2021,2024,2025",2026-09-30,Valores lidos na resposta JSON da API SIDRA por ferramenta de leitura web; refazer por download direto
AL,Alagoas,2021,3365351,SIDRA 6579,9324 População residente estimada,"https://apisidra.ibge.gov.br/values/t/6579/n3/all/v/9324/p/2021,2024,2025",2026-09-30,Valores lidos na resposta JSON da API SIDRA por ferramenta de leitura web; refazer por download direto
AL,Alagoas,2024,3220104,SIDRA 6579,9324 População residente estimada,"https://apisidra.ibge.gov.br/values/t/6579/n3/all/v/9324/p/2021,2024,2025",2026-09-30,Valores lidos na resposta JSON da API SIDRA por ferramenta de leitura web; refazer por download direto
AL,Alagoas,2025,3220848,SIDRA 6579,9324 População residente estimada,"https://apisidra.ibge.gov.br/values/t/6579/n3/all/v/9324/p/2021,2024,2025",2026-09-30,Valores lidos na resposta JSON da API SIDRA por ferramenta de leitura web; refazer por download direto
SE,Sergipe,2021,2338474,SIDRA 6579,9324 População residente estimada,"https://apisidra.ibge.gov.br/values/t/6579/n3/all/v/9324/p/2021,2024,2025",2026-09-30,Valores lidos na resposta JSON da API SIDRA por ferramenta de leitura web; refazer por download direto
SE,Sergipe,2024,2291077,SIDRA 6579,9324 População residente estimada,"https://apisidra.ibge.gov.br/values/t/6579/n3/all/v/9324/p/2021,2024,2025",2026-09-30,Valores lidos na resposta JSON da API SIDRA por ferramenta de leitura web; refazer por download direto
SE,Sergipe,2025,2299425,SIDRA 6579,9324 População residente estimada,"https://apisidra.ibge.gov.br/values/t/6579/n3/all/v/9324/p/2021,2024,2025",2026-09-30,Valores lidos na resposta JSON da API SIDRA por ferramenta de leitura web; refazer por download direto
BA,Bahia,2021,14985284,SIDRA 6579,9324 População residente estimada,"https://apisidra.ibge.gov.br/values/t/6579/n3/all/v/9324/p/2021,2024,2025",2026-09-30,Valores lidos na resposta JSON da API SIDRA por ferramenta de leitura web; refazer por download direto
BA,Bahia,2024,14850513,SIDRA 6579,9324 População residente estimada,"https://apisidra.ibge.gov.br/values/t/6579/n3/all/v/9324/p/2021,2024,2025",2026-09-30,Valores lidos na resposta JSON da API SIDRA por ferramenta de leitura web; refazer por download direto
BA,Bahia,2025,14870907,SIDRA 6579,9324 População residente estimada,"https://apisidra.ibge.gov.br/values/t/6579/n3/all/v/9324/p/2021,2024,2025",2026-09-30,Valores lidos na resposta JSON da API SIDRA por ferramenta de leitura web; refazer por download direto
MG,Minas Gerais,2021,21411923,SIDRA 6579,9324 População residente estimada,"https://apisidra.ibge.gov.br/values/t/6579/n3/all/v/9324/p/2021,2024,2025",2026-09-30,Valores lidos na resposta JSON da API SIDRA por ferramenta de leitura web; refazer por download direto
MG,Minas Gerais,2024,21322691,SIDRA 6579,9324 População residente estimada,"https://apisidra.ibge.gov.br/values/t/6579/n3/all/v/9324/p/2021,2024,2025",2026-09-30,Valores lidos na resposta JSON da API SIDRA por ferramenta de leitura web; refazer por download direto
MG,Minas Gerais,2025,21393441,SIDRA 6579,9324 População residente estimada,"https://apisidra.ibge.gov.br/values/t/6579/n3/all/v/9324/p/2021,2024,2025",2026-09-30,Valores lidos na resposta JSON da API SIDRA por ferramenta de leitura web; refazer por download direto
ES,Espírito Santo,2021,4108508,SIDRA 6579,9324 População residente estimada,"https://apisidra.ibge.gov.br/values/t/6579/n3/all/v/9324/p/2021,2024,2025",2026-09-30,Valores lidos na resposta JSON da API SIDRA por ferramenta de leitura web; refazer por download direto
ES,Espírito Santo,2024,4102129,SIDRA 6579,9324 População residente estimada,"https://apisidra.ibge.gov.br/values/t/6579/n3/all/v/9324/p/2021,2024,2025",2026-09-30,Valores lidos na resposta JSON da API SIDRA por ferramenta de leitura web; refazer por download direto
ES,Espírito Santo,2025,4126854,SIDRA 6579,9324 População residente estimada,"https://apisidra.ibge.gov.br/values/t/6579/n3/all/v/9324/p/2021,2024,2025",2026-09-30,Valores lidos na resposta JSON da API SIDRA por ferramenta de leitura web; refazer por download direto
RJ,Rio de Janeiro,2021,17463349,SIDRA 6579,9324 População residente estimada,"https://apisidra.ibge.gov.br/values/t/6579/n3/all/v/9324/p/2021,2024,2025",2026-09-30,Valores lidos na resposta JSON da API SIDRA por ferramenta de leitura web; refazer por download direto
RJ,Rio de Janeiro,2024,17219679,SIDRA 6579,9324 População residente estimada,"https://apisidra.ibge.gov.br/values/t/6579/n3/all/v/9324/p/2021,2024,2025",2026-09-30,Valores lidos na resposta JSON da API SIDRA por ferramenta de leitura web; refazer por download direto
RJ,Rio de Janeiro,2025,17223547,SIDRA 6579,9324 População residente estimada,"https://apisidra.ibge.gov.br/values/t/6579/n3/all/v/9324/p/2021,2024,2025",2026-09-30,Valores lidos na resposta JSON da API SIDRA por ferramenta de leitura web; refazer por download direto
SP,São Paulo,2021,46649132,SIDRA 6579,9324 População residente estimada,"https://apisidra.ibge.gov.br/values/t/6579/n3/all/v/9324/p/2021,2024,2025",2026-09-30,Valores lidos na resposta JSON da API SIDRA por ferramenta de leitura web; refazer por download direto
SP,São Paulo,2024,45973194,SIDRA 6579,9324 População residente estimada,"https://apisidra.ibge.gov.br/values/t/6579/n3/all/v/9324/p/2021,2024,2025",2026-09-30,Valores lidos na resposta JSON da API SIDRA por ferramenta de leitura web; refazer por download direto
SP,São Paulo,2025,46081801,SIDRA 6579,9324 População residente estimada,"https://apisidra.ibge.gov.br/values/t/6579/n3/all/v/9324/p/2021,2024,2025",2026-09-30,Valores lidos na resposta JSON da API SIDRA por ferramenta de leitura web; refazer por download direto
PR,Paraná,2021,11597484,SIDRA 6579,9324 População residente estimada,"https://apisidra.ibge.gov.br/values/t/6579/n3/all/v/9324/p/2021,2024,2025",2026-09-30,Valores lidos na resposta JSON da API SIDRA por ferramenta de leitura web; refazer por download direto
PR,Paraná,2024,11824665,SIDRA 6579,9324 População residente estimada,"https://apisidra.ibge.gov.br/values/t/6579/n3/all/v/9324/p/2021,2024,2025",2026-09-30,Valores lidos na resposta JSON da API SIDRA por ferramenta de leitura web; refazer por download direto
PR,Paraná,2025,11890517,SIDRA 6579,9324 População residente estimada,"https://apisidra.ibge.gov.br/values/t/6579/n3/all/v/9324/p/2021,2024,2025",2026-09-30,Valores lidos na resposta JSON da API SIDRA por ferramenta de leitura web; refazer por download direto
SC,Santa Catarina,2021,7338473,SIDRA 6579,9324 População residente estimada,"https://apisidra.ibge.gov.br/values/t/6579/n3/all/v/9324/p/2021,2024,2025",2026-09-30,Valores lidos na resposta JSON da API SIDRA por ferramenta de leitura web; refazer por download direto
SC,Santa Catarina,2024,8058441,SIDRA 6579,9324 População residente estimada,"https://apisidra.ibge.gov.br/values/t/6579/n3/all/v/9324/p/2021,2024,2025",2026-09-30,Valores lidos na resposta JSON da API SIDRA por ferramenta de leitura web; refazer por download direto
SC,Santa Catarina,2025,8187029,SIDRA 6579,9324 População residente estimada,"https://apisidra.ibge.gov.br/values/t/6579/n3/all/v/9324/p/2021,2024,2025",2026-09-30,Valores lidos na resposta JSON da API SIDRA por ferramenta de leitura web; refazer por download direto
RS,Rio Grande do Sul,2021,11466630,SIDRA 6579,9324 População residente estimada,"https://apisidra.ibge.gov.br/values/t/6579/n3/all/v/9324/p/2021,2024,2025",2026-09-30,Valores lidos na resposta JSON da API SIDRA por ferramenta de leitura web; refazer por download direto
RS,Rio Grande do Sul,2024,11229915,SIDRA 6579,9324 População residente estimada,"https://apisidra.ibge.gov.br/values/t/6579/n3/all/v/9324/p/2021,2024,2025",2026-09-30,Valores lidos na resposta JSON da API SIDRA por ferramenta de leitura web; refazer por download direto
RS,Rio Grande do Sul,2025,11233263,SIDRA 6579,9324 População residente estimada,"https://apisidra.ibge.gov.br/values/t/6579/n3/all/v/9324/p/2021,2024,2025",2026-09-30,Valores lidos na resposta JSON da API SIDRA por ferramenta de leitura web; refazer por download direto
MS,Mato Grosso do Sul,2021,2839188,SIDRA 6579,9324 População residente estimada,"https://apisidra.ibge.gov.br/values/t/6579/n3/all/v/9324/p/2021,2024,2025",2026-09-30,Valores lidos na resposta JSON da API SIDRA por ferramenta de leitura web; refazer por download direto
MS,Mato Grosso do Sul,2024,2901895,SIDRA 6579,9324 População residente estimada,"https://apisidra.ibge.gov.br/values/t/6579/n3/all/v/9324/p/2021,2024,2025",2026-09-30,Valores lidos na resposta JSON da API SIDRA por ferramenta de leitura web; refazer por download direto
MS,Mato Grosso do Sul,2025,2924631,SIDRA 6579,9324 População residente estimada,"https://apisidra.ibge.gov.br/values/t/6579/n3/all/v/9324/p/2021,2024,2025",2026-09-30,Valores lidos na resposta JSON da API SIDRA por ferramenta de leitura web; refazer por download direto
MT,Mato Grosso,2021,3567234,SIDRA 6579,9324 População residente estimada,"https://apisidra.ibge.gov.br/values/t/6579/n3/all/v/9324/p/2021,2024,2025",2026-09-30,Valores lidos na resposta JSON da API SIDRA por ferramenta de leitura web; refazer por download direto
MT,Mato Grosso,2024,3836399,SIDRA 6579,9324 População residente estimada,"https://apisidra.ibge.gov.br/values/t/6579/n3/all/v/9324/p/2021,2024,2025",2026-09-30,Valores lidos na resposta JSON da API SIDRA por ferramenta de leitura web; refazer por download direto
MT,Mato Grosso,2025,3893659,SIDRA 6579,9324 População residente estimada,"https://apisidra.ibge.gov.br/values/t/6579/n3/all/v/9324/p/2021,2024,2025",2026-09-30,Valores lidos na resposta JSON da API SIDRA por ferramenta de leitura web; refazer por download direto
GO,Goiás,2021,7206589,SIDRA 6579,9324 População residente estimada,"https://apisidra.ibge.gov.br/values/t/6579/n3/all/v/9324/p/2021,2024,2025",2026-09-30,Valores lidos na resposta JSON da API SIDRA por ferramenta de leitura web; refazer por download direto
GO,Goiás,2024,7350483,SIDRA 6579,9324 População residente estimada,"https://apisidra.ibge.gov.br/values/t/6579/n3/all/v/9324/p/2021,2024,2025",2026-09-30,Valores lidos na resposta JSON da API SIDRA por ferramenta de leitura web; refazer por download direto
GO,Goiás,2025,7423629,SIDRA 6579,9324 População residente estimada,"https://apisidra.ibge.gov.br/values/t/6579/n3/all/v/9324/p/2021,2024,2025",2026-09-30,Valores lidos na resposta JSON da API SIDRA por ferramenta de leitura web; refazer por download direto
DF,Distrito Federal,2021,3094325,SIDRA 6579,9324 População residente estimada,"https://apisidra.ibge.gov.br/values/t/6579/n3/all/v/9324/p/2021,2024,2025",2026-09-30,Valores lidos na resposta JSON da API SIDRA por ferramenta de leitura web; refazer por download direto
DF,Distrito Federal,2024,2982818,SIDRA 6579,9324 População residente estimada,"https://apisidra.ibge.gov.br/values/t/6579/n3/all/v/9324/p/2021,2024,2025",2026-09-30,Valores lidos na resposta JSON da API SIDRA por ferramenta de leitura web; refazer por download direto
DF,Distrito Federal,2025,2996899,SIDRA 6579,9324 População residente estimada,"https://apisidra.ibge.gov.br/values/t/6579/n3/all/v/9324/p/2021,2024,2025",2026-09-30,Valores lidos na resposta JSON da API SIDRA por ferramenta de leitura web; refazer por download direto
