id_fato,data,caso,fato_oficial,consulta
F01,2012-10-23,AP 470,STF condena José Dirceu e José Genoino por formação de quadrilha,STF condena Dirceu Genoino formação de quadrilha mensalão outubro 2012
F02,2014-02-27,AP 470,STF absolve condenados por quadrilha nos embargos infringentes (inclui José Dirceu e José Genoino),STF absolve Dirceu Genoino quadrilha embargos infringentes mensalão fevereiro 2014
F03,2017-08-22,AP 536 / TJMG,TJMG confirma condenação de Eduardo Azeredo (peculato e lavagem),TJMG confirma condenação Eduardo Azeredo mensalão mineiro agosto 2017
F04,2015-04-22,Lava Jato / 5026212,13ª Vara de Curitiba condena Alberto Youssef e Paulo Roberto Costa por lavagem (Rnest) e absolve dois réus,Moro condena Youssef Paulo Roberto Costa lavagem Abreu e Lima abril 2015
F05,2018-01-24,Lava Jato / triplex,TRF4 confirma condenação de Lula no caso do triplex e aumenta a pena,TRF4 confirma condenação Lula triplex aumenta pena janeiro 2018
F06,2019-04-23,Lava Jato / triplex,STJ mantém condenação de Lula no triplex e reduz a pena,STJ reduz pena Lula triplex quinta turma abril 2019
F07,2019-11-27,Lava Jato / sítio,TRF4 confirma condenação de Lula no caso do sítio de Atibaia e aumenta a pena,TRF4 confirma condenação Lula sítio de Atibaia novembro 2019
F08,2021-03-08,Lava Jato / HC 193726,Fachin anula condenações de Lula por incompetência da 13ª Vara de Curitiba,Fachin anula condenações Lula incompetência Curitiba março 2021
F09,2021-03-23,Lava Jato / HC 164493,Segunda Turma do STF declara suspeição de Sergio Moro no caso do triplex,Segunda Turma STF suspeição Moro triplex Lula março 2021
F10,2023-09-06,Lava Jato / Rcl 43007,Toffoli declara imprestáveis as provas do acordo de leniência da Odebrecht,Toffoli anula provas acordo de leniência Odebrecht setembro 2023
F11,2026-03-04,Banco Master / Pet 15556,André Mendonça decreta prisão preventiva de Daniel Vorcaro e outros investigados,André Mendonça prisão preventiva Daniel Vorcaro Banco Master março 2026
F12,2026-04-03,Banco Master / Pet 15556,André Mendonça torna facultativo o comparecimento de Ibaneis Rocha à CPI do Crime Organizado,André Mendonça Ibaneis CPI do Crime Organizado comparecimento facultativo abril 2026
