ata,ancora_placar,objeto,simbolo,descricao,placar_sim,placar_nao,placar_abstencao,placar_ausente,modalidade,decisao,observacao
atas_2009_XXXVII-E_ac01419t04.doc,"votos afirmativos para suspender a Honduras del ejercicio de su derecho de participación en la OEA. ¿Existe alguna abstención? ¿Algún voto en contra? Bien, con 33 votos",resolucao,AG/RES. 2 (XXXVII-E/09),Suspensão do direito de participação de Honduras na OEA (art. 21 da Carta Democrática Interamericana),33,0,0,0,votacao_mao_erguida,inclui,"Votação de mão erguida; a ata dá o total (33 votos afirmativos, sem abstenção nem voto contrário) e não individualiza os votos"
atas_2016_XLVI-O_AC03216T03.doc,"el resultado es el siguiente: doce (12) a favor del no; una (1) abstención; dos (2) ausencias; y diecinueve (19), sí.",procedimento,,"Remessa ao Conselho Permanente do tema proposto pela Venezuela ""Respeto a la institucionalidad y normativa de la OEA por parte del Secretario General""",19,12,1,2,votacao_registrada,inclui,Votação sobre proposta da Venezuela relativa à atuação do Secretário-Geral; entra pelo critério de votação nominal sobre Estado membro
atas_2018_XLVIII-O_AC03395T03.docx,"El resultado de la votación es el siguiente: 19 votos a favor; 4 en contra, y 11 abstenciones.",resolucao,AG/RES. 2929 (XLVIII-O/18),,19,4,11,,votacao_registrada,inclui,"A ata transcreve ""Yes"" como resposta de Dominica, e a contagem das respostas dá 20/3/11 contra o placar oficial de 19/4/11; a ata não registra correção"
atas_2019_XLIX-O_AC03409T03.docx,"The results of the voting was as follows: In favor—19 votes; against—8 votes; abstention—6 votes; and one delegation is absent.",resolucao,AG/RES. 2944 (XLIX-O/19),,19,8,6,1,votacao_registrada,inclui,
atas_2019_XLIX-O_AC03409T03.docx,"The results of the vote on this resolution are as follows: In favor—25 votes; against—3 votes; abstention—5 votes; and one delegation is absent.",resolucao,,"Fortalecimiento de la ética, la supervisión y la transparencia de la OEA",25,3,5,1,votacao_registrada,exclui,Tema institucional interno da OEA; não cita Estado membro (fora do critério do bloco A3)
atas_2019_XLIX-O_AC03409T03.docx,"The results of the voting on this amendment are as follows; in favor—20 votes; against—4 votes; abstentions—9; and one delegation is absent.",emenda,AG/RES. 2943 (XLIX-O/19),Emenda ao projeto de resolução sobre a situação na Nicarágua,20,4,9,1,votacao_registrada,inclui,
atas_2019_XLIX-O_AC03409T03.docx,"the results of the voting on this resolution are as follows: In favor—20 votes; against—5 votes; abstention—8 votes; and one delegation absent.",resolucao,AG/RES. 2943 (XLIX-O/19),,20,5,8,1,votacao_registrada,inclui,
atas_2020_L-O_AC03697T03.DOC,"The result of the votes is as follows: In favor of the resolution, twenty votes; against the resolution, two votes; and there were twelve abstentions.",resolucao,AG/RES. 2962 (L-O/20),,20,2,12,,votacao_registrada,inclui,
atas_2020_L-O_AC03697T03.DOC,"The results of the vote: twenty-one in favor, four, no, and nine abstentions.",resolucao,AG/RES. 2963 (L-O/20),,21,4,9,,votacao_registrada,inclui,
atas_2021_LI-O_AC03908T03.docx,"Los resultados de la votación son los siguientes: A favor: 25 votos. En contra: 1 voto. Abstenciones: 7 votos y una delegación estuvo ausente.",resolucao,AG/RES. 2978 (LI-O/21),,25,1,7,1,votacao_registrada,inclui,
atas_2022_LII-O_AG08710T03.docx,"El resultado es el siguiente: Votando a favor: 19 delegaciones. Votando en contra: 4 delegaciones. Se abstuvieron: 9 delegaciones. Hay 2 delegaciones ausentes.",procedimento,,"Inclusão no temário do item ""Revocación de la aceptación de un representante permanente ante la OEA designado por la Asamblea Nacional de Venezuela en enero de 2019"" (AG/doc. 5785/22); exigia dois terços",19,4,9,2,votacao_registrada,inclui,O item não foi admitido por falta de dois terços
