arquivo,ap,data_alvo,data_publicacao,rotulo,href,bytes,sha256
AP_1011_2017-08-21_312495372.pdf,AP 1011,2017-08-21,2017-08-23,Decisão monocrática,downloadPeca.asp?id=312495372&ext=.pdf,130275,a3015f2cf93680eb7734a7e479dbcd7dbde5475fc2978c5a7da7958b54e18ca6
AP_396_2019-10-16_15341501774.pdf,AP 396,2019-10-16,2019-10-18,Decisão monocrática,downloadPeca.asp?id=15341501774&ext=.pdf,141204,3683ea5f4ff6c8a364a3acafe75065937ec4c27d6d90e62f752938a1e22a5188
AP_415_2013-08-29_166278201.pdf,AP 415,2013-08-29,2013-09-02,Decisão monocrática,downloadPeca.asp?id=166278201&ext=.pdf,84227,ec0df605765710abc79467dc4a8855031f5995bc3e7864bf7cd900ef1f41a395
AP_451_2013-09-30_173945413.pdf,AP 451,2013-09-30,2013-10-03,Decisão monocrática,downloadPeca.asp?id=173945413&ext=.pdf,99481,ae300b16867df3061dd06fb75aae320510e5beb75ef412a52fb12151c3cfaa7c
AP_467_2013-12-09_189869518.pdf,AP 467,2013-12-09,2013-12-11,Decisão monocrática,downloadPeca.asp?id=189869518&ext=.pdf,93678,4e5c3336eca81aa0afe1656d1c9acc58592934658182a7ca8ae15426f5bc9f15
AP_530_2014-09-09_257919528.pdf,AP 530,2014-09-09,2014-09-10,Despacho,downloadPeca.asp?id=257919528&ext=.pdf,87466,3907e251ba7859386054c9b33939196993460b9c63b2389edc75cac4a41dc9b9
AP_530_2014-09-09_257514793.pdf,AP 530,2014-09-09,2014-09-09,Despacho,downloadPeca.asp?id=257514793&ext=.pdf,116993,8adf4b91377dde9d1a45950c4806d474b78939d52ffa9acac870a1ef7bf8644d
AP_545_2012-12-17_116478450.pdf,AP 545,2012-12-17,2012-12-19,Decisão monocrática,downloadPeca.asp?id=116478450&ext=.pdf,151241,b4c50f645fd7ff9b838730cd46a66a462cb6e639e288b6c6a060c1f56126aa58
AP_557_2014-10-22_270950527.pdf,AP 557,2014-10-22,2014-10-24,Decisão monocrática,downloadPeca.asp?id=270950527&ext=.pdf,167265,25701ce080c7b6d52523232952e3dd34fc6e24e99c0539637ffa8cb9a6296ebf
AP_582_2014-06-16_237513957.pdf,AP 582,2014-06-16,2014-06-18,Decisão monocrática,downloadPeca.asp?id=237513957&ext=.pdf,102843,cfa3beec2eca1f0b052cfa6b3f3b22637dc70e2f168215b84e441504091be3f8
AP_584_2014-04-24_217186046.pdf,AP 584,2014-04-24,2014-04-28,Decisão monocrática,downloadPeca.asp?id=217186046&ext=.pdf,113366,d071e2d17ed5438daccb382901ef8fbf133b28b4b3a89a9818bb14eb0e0c83c6
AP_593_2013-10-01_174003988.pdf,AP 593,2013-10-01,2013-10-03,Decisão monocrática,downloadPeca.asp?id=174003988&ext=.pdf,78918,9038da775e65ed4316a86a7161f111a3a0147454b218f2b16b312cf2f1cf73b2
AP_597_2014-02-05_199527020.pdf,AP 597,2014-02-05,2014-02-10,Decisão monocrática,downloadPeca.asp?id=199527020&ext=.pdf,222597,401c891e25213e5bd06008a23482817087b9a4c35ce3caee9975a63d808c5beb
AP_607_2015-08-04_307366999.pdf,AP 607,2015-08-04,2015-08-06,Decisão monocrática,downloadPeca.asp?id=307366999&ext=.pdf,120011,72586014bb06214e42255cf6f59e4d3cbe59103978e42ea0204c6aa8c8cb6166
AP_615_2012-11-29_113938234.pdf,AP 615,2012-11-29,2012-12-03,Decisão monocrática,downloadPeca.asp?id=113938234&ext=.pdf,79283,b8564b5a25527c9a303287a408b31757884dbc357fc2bd9a6a59263f21292bda
AP_624_2013-03-05_127180086.pdf,AP 624,2013-03-05,2013-03-07,Decisão monocrática,downloadPeca.asp?id=127180086&ext=.pdf,82828,58050c46d57b8f6a6ba4d52ad2f9289435903dc6df1b2e6facea0586f68b2baa
AP_642_2013-09-30_173972400.pdf,AP 642,2013-09-30,2013-10-03,Decisão monocrática,downloadPeca.asp?id=173972400&ext=.pdf,153972,368ec62e665ccb263ed90e5934e4eb4cc62e9853d9e6a8a81e81cc9428b6192e
AP_648_2015-09-02_307652156.pdf,AP 648,2015-09-02,2015-09-04,Decisão monocrática,downloadPeca.asp?id=307652156&ext=.pdf,89777,82d9ab4aa41de4f3ea29439cf8e4c56db6a4e99d5c2b2c5dea0334ea1055ff3c
AP_650_2014-11-10_278113709.pdf,AP 650,2014-11-10,2014-11-12,Decisão monocrática,downloadPeca.asp?id=278113709&ext=.pdf,204419,b51cf9b761ff02bb4ac734f93d609b989633e0b60f9447caa0855983822b94e5
AP_673_2013-09-19_171699154.pdf,AP 673,2013-09-19,2013-09-24,Decisão monocrática,downloadPeca.asp?id=171699154&ext=.pdf,107538,2419e55aed347e8f47f0634765e8960530aa925595df979caad2f56a574030ce
AP_675_2013-12-09_189869508.pdf,AP 675,2013-12-09,2013-12-11,Decisão monocrática,downloadPeca.asp?id=189869508&ext=.pdf,123386,98ec6b2dc594efc5ce02bd99dc28b4f2474fec2752d1fb990a1e561e4dad03dc
AP_690_2013-04-09_133172433.pdf,AP 690,2013-04-09,2013-04-11,Despacho,downloadPeca.asp?id=133172433&ext=.pdf,94180,144b4be7042ae1a1c3b94e6159fe36ee9c0257acd4d6a9e3e8542d73c6e081a3
AP_696_2014-02-28_203935668.pdf,AP 696,2014-02-28,2014-03-06,Decisão monocrática,downloadPeca.asp?id=203935668&ext=.pdf,95351,6053e8689a3df843ca1ebbc1c377fbced38fdbb8b8c9dfc21e52549dc47f0474
AP_699_2013-04-19_141119390.pdf,AP 699,2013-04-19,2013-05-21,Despacho,downloadPeca.asp?id=141119390&ext=.pdf,78856,9eb53c65bc8e0dda69e0c5a3beae3b06e97604a02e035de5ffb2176ee6d1794c
AP_699_2013-04-19_135371353.pdf,AP 699,2013-04-19,2013-04-23,Decisão monocrática,downloadPeca.asp?id=135371353&ext=.pdf,138687,58da7ea214aa8db3f37acf6eb587a761e7dfd68f255bb8aeb90652fa98e5f799
AP_702_2015-02-20_302867141.pdf,AP 702,2015-02-20,2015-02-24,Decisão monocrática,downloadPeca.asp?id=302867141&ext=.pdf,129222,c205eeff6c91451a524eef406b19498cd58cbb6920f14fdcf7c9c96598f69d12
AP_854_2014-03-11_205841398.pdf,AP 854,2014-03-11,2014-03-13,Decisão monocrática,downloadPeca.asp?id=205841398&ext=.pdf,104316,3c767cde9f90c599014345d26bfaa311dfc1a8168cb7ad24f017a624351a80bc
AP_868_2014-05-15_222186348.pdf,AP 868,2014-05-15,2014-05-19,Decisão monocrática,downloadPeca.asp?id=222186348&ext=.pdf,172204,7c02a89459e3597ffacb9865339049a3988d8326efbc4aeaf60e3093cccc5b2d
AP_939_2017-05-25_311894551.pdf,AP 939,2017-05-25,2017-05-29,Decisão monocrática,downloadPeca.asp?id=311894551&ext=.pdf,121390,8425f99d26d878b6a93f491aeaedfe9ea6c848a3206c37905dc8db661321fbb5
AP_952_2018-10-09_15338828862.pdf,AP 952,2018-10-09,2018-10-11,Decisão monocrática,downloadPeca.asp?id=15338828862&ext=.pdf,91819,9bb2df39c9d033dda9809db2b8075a0f7a5fa34f6b72249ca272f225d65de16e
AP_961_2018-06-05_314711030.pdf,AP 961,2018-06-05,2018-06-29,Despacho,downloadPeca.asp?id=314711030&ext=.pdf,93268,13e51ac80d9e4d9bec080fb4472cdd4107941c7fa6277967d2ab8029e5a626f5
AP_961_2018-06-05_314532778.pdf,AP 961,2018-06-05,2018-06-07,Decisão monocrática,downloadPeca.asp?id=314532778&ext=.pdf,120206,16168143fc6b5236be1a7096b183dc93d61e4928c573c19e917e0773c9e2a4b2
AP_969_2023-08-31_15360649155.pdf,AP 969,2023-08-31,2023-08-31,Decisão monocrática,downloadPeca.asp?id=15360649155&ext=.pdf,114914,4a992f78eec9ea9dc2bcfe8a1a39230e1ae567dd905c517a51c77e6672ca1f31
AP_983_2018-03-07_313862614.pdf,AP 983,2018-03-07,2018-03-09,Decisão monocrática,downloadPeca.asp?id=313862614&ext=.pdf,229635,3157070ae75d7c6a0395fa8175ed8f6f1b86801b8a94e642e7d2f9924f3762c2
AP_988_2017-10-19_313078885.pdf,AP 988,2017-10-19,2017-10-23,Decisão monocrática,downloadPeca.asp?id=313078885&ext=.pdf,124660,7b80928ff1dd6ab66409fbf4e3ff5443f66b050d70d19948704c99f37bc0c5b9
