medida,periodo,n_governo,com_governo,taxa_governo,n_oposicao,com_oposicao,taxa_oposicao,p_fisher
declinio,Lula 1 e 2,123,36,0.2926829268292683,21,10,0.47619047619047616,0.12787724065793812
declinio_em_mandato,Lula 1 e 2,123,7,0.056910569105691054,21,3,0.14285714285714285,0.16264363799821563
declinio,Dilma 1 e início do 2º mandato,133,53,0.39849624060150374,33,17,0.5151515151515151,0.2425886247065899
declinio_em_mandato,Dilma 1 e início do 2º mandato,133,18,0.13533834586466165,33,8,0.24242424242424243,0.1778453825709827
declinio,Temer (e Dilma até 11/05/2016),24,9,0.375,9,5,0.5555555555555556,0.44212357164526245
declinio_em_mandato,Temer (e Dilma até 11/05/2016),24,5,0.20833333333333334,9,4,0.4444444444444444,0.21215110806879436
declinio,Bolsonaro,3,1,0.3333333333333333,2,2,1.0,0.4000000000000001
declinio_em_mandato,Bolsonaro,3,1,0.3333333333333333,2,2,1.0,0.4000000000000001
declinio,Lula 3,0,0,,0,0,,
declinio_em_mandato,Lula 3,0,0,,0,0,,
