organismo,resolucao,data,governo,tipo,alvo_iso3,alvo_bqd_fh,alvo_bqd_vdem,voto_brasil,sim_democracias,n_democracias,sim_america_latina,n_america_latina
AGNU,A/RES/58/7,2003-11-04,Luiz Inácio Lula da Silva (2003-2006),embargo_cuba,CUB,BQD,BQD,sim,0.9524,84,1.0,30
AGNU,A/RES/58/195,2003-12-22,Luiz Inácio Lula da Silva (2003-2006),escrutinio,IRN,BQD,BQD,sim,0.6829,82,0.4828,29
AGNU,A/RES/58/194,2003-12-22,Luiz Inácio Lula da Silva (2003-2006),escrutinio,TKM,BQD,BQD,abstencao,0.725,80,0.5667,30
AGNU,A/RES/58/196,2003-12-22,Luiz Inácio Lula da Silva (2003-2006),escrutinio,COD,BQD,BQD,sim,0.7037,81,0.6,30
AG/OEA,AG/DEC. 37 (XXXIV-O/04),2004-06-07,Luiz Inácio Lula da Silva (2003-2006),outro,,,,consenso,,0,,0
AG/OEA,AG/RES. 2058 (XXXIV-O/04),2004-06-08,Luiz Inácio Lula da Silva (2003-2006),outro,,,,consenso,,0,,0
AG/OEA,AG/DEC. 40 (XXXIV-O/04),2004-06-08,Luiz Inácio Lula da Silva (2003-2006),outro,,,,consenso,,0,,0
AGNU,A/RES/59/11,2004-10-28,Luiz Inácio Lula da Silva (2003-2006),embargo_cuba,CUB,BQD,BQD,sim,0.9412,85,1.0,30
AGNU,A/RES/59/207,2004-12-20,Luiz Inácio Lula da Silva (2003-2006),escrutinio,COD,BQD,BQD,abstencao,0.6667,84,0.4516,31
AGNU,A/RES/59/205,2004-12-20,Luiz Inácio Lula da Silva (2003-2006),escrutinio,IRN,BQD,BQD,abstencao,0.6988,83,0.4194,31
AGNU,A/RES/59/206,2004-12-20,Luiz Inácio Lula da Silva (2003-2006),escrutinio,TKM,BQD,BQD,sim,0.6667,84,0.4516,31
AGNU,A/RES/60/12,2005-11-08,Luiz Inácio Lula da Silva (2003-2006),embargo_cuba,CUB,BQD,BQD,sim,0.9419,86,1.0,30
AGNU,A/RES/60/170,2005-12-16,Luiz Inácio Lula da Silva (2003-2006),escrutinio,COD,BQD,BQD,abstencao,0.7927,82,0.6,30
AGNU,A/RES/60/171,2005-12-16,Luiz Inácio Lula da Silva (2003-2006),escrutinio,IRN,BQD,BQD,abstencao,0.725,80,0.5714,28
AGNU,A/RES/60/172,2005-12-16,Luiz Inácio Lula da Silva (2003-2006),escrutinio,TKM,BQD,BQD,sim,0.7179,78,0.5517,29
AGNU,A/RES/60/173,2005-12-16,Luiz Inácio Lula da Silva (2003-2006),escrutinio,PRK,BQD,BQD,sim,0.7284,81,0.6333,30
AGNU,A/RES/60/174,2005-12-16,Luiz Inácio Lula da Silva (2003-2006),escrutinio,UZB,BQD,BQD,sim,0.7179,78,0.5172,29
AGNU,A/RES/61/11,2006-11-08,Luiz Inácio Lula da Silva (2003-2006),embargo_cuba,CUB,BQD,BQD,sim,0.9425,87,1.0,30
CDH,A/HRC/RES/3/1,2006-12-08,Luiz Inácio Lula da Silva (2003-2006),escrutinio,ISR,nao_BQD,nao_BQD,sim,0.5,24,1.0,7
AGNU,A/RES/61/175,2006-12-19,Luiz Inácio Lula da Silva (2003-2006),escrutinio,BLR,BQD,BQD,abstencao,0.6914,81,0.4615,26
AGNU,A/RES/61/174,2006-12-19,Luiz Inácio Lula da Silva (2003-2006),escrutinio,PRK,BQD,BQD,sim,0.7778,81,0.5926,27
AGNU,A/RES/61/176,2006-12-19,Luiz Inácio Lula da Silva (2003-2006),escrutinio,IRN,BQD,BQD,abstencao,0.6988,83,0.4815,27
AGNU,A/RES/61/154,2006-12-19,Luiz Inácio Lula da Silva (2003-2006),escrutinio,ISR,nao_BQD,nao_BQD,sim,0.3765,85,0.8333,30
AGNU,A/RES/61/232,2006-12-22,Luiz Inácio Lula da Silva (2003-2006),escrutinio,MMR,BQD,BQD,sim,0.7671,73,0.5769,26
AGNU,A/RES/62/3,2007-10-30,Luiz Inácio Lula da Silva (2007-2010),embargo_cuba,CUB,BQD,BQD,sim,0.9425,87,1.0,31
AGNU,A/RES/62/167,2007-12-18,Luiz Inácio Lula da Silva (2007-2010),escrutinio,PRK,BQD,BQD,sim,0.7442,86,0.4062,32
AGNU,A/RES/62/168,2007-12-18,Luiz Inácio Lula da Silva (2007-2010),escrutinio,IRN,BQD,BQD,abstencao,0.6818,88,0.375,32
AGNU,A/RES/62/169,2007-12-18,Luiz Inácio Lula da Silva (2007-2010),escrutinio,BLR,BQD,BQD,abstencao,0.6552,87,0.3125,32
AGNU,A/RES/62/222,2007-12-22,Luiz Inácio Lula da Silva (2007-2010),escrutinio,MMR,BQD,BQD,sim,0.8158,76,0.52,25
CDH,A/HRC/RES/7/15,2008-03-27,Luiz Inácio Lula da Silva (2007-2010),escrutinio,PRK,BQD,BQD,sim,0.7619,21,0.5714,7
AG/OEA,AG/RES. 2424 (XXXVIII-O/08),2008-06-03,Luiz Inácio Lula da Silva (2007-2010),outro,,,,consenso,,0,,0
AGNU,A/RES/63/7,2008-10-29,Luiz Inácio Lula da Silva (2007-2010),embargo_cuba,CUB,BQD,BQD,sim,0.9419,86,1.0,31
AGNU,A/RES/63/190,2008-12-18,Luiz Inácio Lula da Silva (2007-2010),escrutinio,PRK,BQD,BQD,abstencao,0.759,83,0.4194,31
AGNU,A/RES/63/191,2008-12-18,Luiz Inácio Lula da Silva (2007-2010),escrutinio,IRN,BQD,BQD,abstencao,0.6977,86,0.3226,31
AGNU,A/RES/63/245,2008-12-24,Luiz Inácio Lula da Silva (2007-2010),escrutinio,MMR,BQD,BQD,sim,0.8286,70,0.5,22
CDH,A/HRC/RES/10/16,2009-03-26,Luiz Inácio Lula da Silva (2007-2010),escrutinio,PRK,BQD,BQD,abstencao,0.8571,21,0.5714,7
AG/OEA,AG/RES. 2438 (XXXIX-O/09),2009-06-03,Luiz Inácio Lula da Silva (2007-2010),outro,,,,consenso,,0,,0
AG/OEA,AG/RES. 2487 (XXXIX-O/09),2009-06-04,Luiz Inácio Lula da Silva (2007-2010),outro,,,,consenso,,0,,0
AG/OEA,AG/RES. 2526 (XXXIX-O/09),2009-06-04,Luiz Inácio Lula da Silva (2007-2010),outro,,,,consenso,,0,,0
CDH,A/HRC/RES/11/10,2009-06-18,Luiz Inácio Lula da Silva (2007-2010),escrutinio,SDN,BQD,BQD,sim,0.8095,21,0.5714,7
AG/OEA,AG/RES. 1 (XXXVII-E/09),2009-07-01,Luiz Inácio Lula da Silva (2007-2010),outro,,,,consenso,,0,,0
CDH,A/HRC/RES/S-12/1,2009-10-16,Luiz Inácio Lula da Silva (2007-2010),escrutinio,ISR,nao_BQD,nao_BQD,sim,0.35,20,0.7143,7
AGNU,A/RES/64/6,2009-10-28,Luiz Inácio Lula da Silva (2007-2010),embargo_cuba,CUB,BQD,BQD,sim,0.9425,87,1.0,32
AGNU,A/RES/64/176,2009-12-18,Luiz Inácio Lula da Silva (2007-2010),escrutinio,IRN,BQD,BQD,abstencao,0.7176,85,0.3438,32
AGNU,A/RES/64/175,2009-12-18,Luiz Inácio Lula da Silva (2007-2010),escrutinio,PRK,BQD,BQD,abstencao,0.7738,84,0.4062,32
AGNU,A/RES/64/238,2009-12-24,Luiz Inácio Lula da Silva (2007-2010),escrutinio,MMR,BQD,BQD,abstencao,0.8611,72,0.5217,23
CDH,A/HRC/RES/13/14,2010-03-25,Luiz Inácio Lula da Silva (2007-2010),escrutinio,PRK,BQD,BQD,sim,0.85,20,0.5714,7
AG/OEA,AG/RES. 2531 (XL-O/10),2010-06-08,Luiz Inácio Lula da Silva (2007-2010),outro,,,,consenso,,0,,0
CDH,A/HRC/RES/15/27,2010-10-01,Luiz Inácio Lula da Silva (2007-2010),escrutinio,SDN,BQD,BQD,sim,0.8824,17,0.8571,7
AGNU,A/RES/65/6,2010-10-26,Luiz Inácio Lula da Silva (2007-2010),embargo_cuba,CUB,BQD,BQD,sim,0.9412,85,1.0,32
AGNU,A/RES/65/226,2010-12-21,Luiz Inácio Lula da Silva (2007-2010),escrutinio,IRN,BQD,BQD,abstencao,0.7381,84,0.375,32
AGNU,A/RES/65/225,2010-12-21,Luiz Inácio Lula da Silva (2007-2010),escrutinio,PRK,BQD,BQD,sim,0.8072,83,0.4688,32
AGNU,A/RES/65/241,2010-12-24,Luiz Inácio Lula da Silva (2007-2010),escrutinio,MMR,BQD,BQD,abstencao,0.8592,71,0.5,24
CDH,A/HRC/RES/16/8,2011-03-24,Dilma Rousseff (2011-2014),escrutinio,PRK,BQD,BQD,sim,1.0,17,0.7143,7
CDH,A/HRC/RES/16/9,2011-03-24,Dilma Rousseff (2011-2014),escrutinio,IRN,BQD,BQD,sim,0.8235,17,0.5714,7
CDH,A/HRC/RES/16/29,2011-03-25,Dilma Rousseff (2011-2014),escrutinio,ISR,nao_BQD,nao_BQD,sim,0.3529,17,0.8571,7
CDH,A/HRC/RES/S-16/1,2011-04-29,Dilma Rousseff (2011-2014),escrutinio,SYR,BQD,BQD,sim,1.0,17,0.7143,7
AG/OEA,AG/DEC. 68 (XLI-O/11),2011-06-07,Dilma Rousseff (2011-2014),outro,,,,consenso,,0,,0
CDH,A/HRC/RES/17/24,2011-06-17,Dilma Rousseff (2011-2014),escrutinio,BLR,BQD,BQD,sim,0.9412,17,0.4286,7
AGNU,A/RES/66/6,2011-10-25,Dilma Rousseff (2011-2014),embargo_cuba,CUB,BQD,BQD,sim,0.9405,84,1.0,32
AGNU,A/RES/66/175,2011-12-19,Dilma Rousseff (2011-2014),escrutinio,IRN,BQD,BQD,abstencao,0.7619,84,0.4688,32
AGNU,A/RES/66/176,2011-12-19,Dilma Rousseff (2011-2014),escrutinio,SYR,BQD,BQD,sim,0.9157,83,0.7419,31
AGNU,A/RES/66/174,2011-12-19,Dilma Rousseff (2011-2014),escrutinio,PRK,BQD,BQD,sim,0.8452,84,0.5938,32
AGNU,A/RES/66/230,2011-12-24,Dilma Rousseff (2011-2014),escrutinio,MMR,BQD,BQD,abstencao,0.8873,71,0.5217,23
AGNU,A/RES/67/4,2012-11-13,Dilma Rousseff (2011-2014),embargo_cuba,CUB,BQD,BQD,sim,0.9432,88,1.0,32
AGNU,A/RES/67/182,2012-12-20,Dilma Rousseff (2011-2014),escrutinio,IRN,BQD,BQD,abstencao,0.7647,85,0.5312,32
AGNU,A/RES/67/183,2012-12-20,Dilma Rousseff (2011-2014),escrutinio,SYR,BQD,BQD,sim,0.8824,85,0.6562,32
CDH,A/HRC/RES/22/23,2013-03-22,Dilma Rousseff (2011-2014),escrutinio,IRN,BQD,BQD,sim,0.9048,21,0.7143,7
CDH,A/HRC/RES/22/24,2013-03-22,Dilma Rousseff (2011-2014),escrutinio,SYR,BQD,BQD,sim,0.9524,21,0.7143,7
CDH,A/HRC/RES/22/28,2013-03-22,Dilma Rousseff (2011-2014),escrutinio,ISR,nao_BQD,nao_BQD,sim,0.9524,21,1.0,7
CDH,A/HRC/RES/23/1,2013-05-29,Dilma Rousseff (2011-2014),escrutinio,SYR,BQD,BQD,sim,0.9524,21,0.7143,7
CDH,A/HRC/RES/23/15,2013-06-13,Dilma Rousseff (2011-2014),escrutinio,BLR,BQD,BQD,sim,0.9524,21,0.7143,7
CDH,A/HRC/RES/23/26,2013-06-14,Dilma Rousseff (2011-2014),escrutinio,SYR,BQD,BQD,sim,0.9524,21,0.7143,7
AGNU,A/RES/68/8,2013-10-29,Dilma Rousseff (2011-2014),embargo_cuba,CUB,BQD,BQD,sim,0.9419,86,1.0,32
AGNU,A/RES/68/182,2013-12-18,Dilma Rousseff (2011-2014),escrutinio,SYR,BQD,BQD,sim,0.8488,86,0.6129,31
AGNU,A/RES/68/184,2013-12-18,Dilma Rousseff (2011-2014),escrutinio,IRN,BQD,BQD,abstencao,0.7791,86,0.5625,32
CDH,A/HRC/RES/25/25,2014-03-28,Dilma Rousseff (2011-2014),escrutinio,PRK,BQD,BQD,sim,0.8636,22,0.7143,7
CDH,A/HRC/RES/25/24,2014-03-28,Dilma Rousseff (2011-2014),escrutinio,IRN,BQD,BQD,sim,0.8182,22,0.7143,7
CDH,A/HRC/RES/26/25,2014-06-27,Dilma Rousseff (2011-2014),escrutinio,BLR,BQD,BQD,sim,0.8636,22,0.5714,7
AGNU,A/RES/69/5,2014-10-28,Dilma Rousseff (2011-2014),embargo_cuba,CUB,BQD,BQD,sim,0.9425,87,1.0,32
AGNU,A/RES/69/188,2014-12-18,Dilma Rousseff (2011-2014),escrutinio,PRK,BQD,BQD,sim,0.8372,86,0.5938,32
AGNU,A/RES/69/189,2014-12-18,Dilma Rousseff (2011-2014),escrutinio,SYR,BQD,BQD,sim,0.8824,85,0.6562,32
AGNU,A/RES/69/190,2014-12-18,Dilma Rousseff (2011-2014),escrutinio,IRN,BQD,BQD,abstencao,0.7471,87,0.5312,32
CDH,A/HRC/RES/28/27,2015-03-27,Dilma Rousseff (2015-2016),escrutinio,ISR,nao_BQD,nao_BQD,sim,0.8889,18,0.8571,7
CDH,A/HRC/RES/28/21,2015-03-27,Dilma Rousseff (2015-2016),escrutinio,IRN,BQD,BQD,abstencao,0.7778,18,0.5714,7
CDH,A/HRC/RES/28/22,2015-03-27,Dilma Rousseff (2015-2016),escrutinio,PRK,BQD,BQD,sim,0.8333,18,0.5714,7
AGNU,A/RES/70/5,2015-10-27,Dilma Rousseff (2015-2016),embargo_cuba,CUB,BQD,BQD,sim,0.9762,84,1.0,32
AGNU,A/RES/70/173,2015-12-17,Dilma Rousseff (2015-2016),escrutinio,IRN,BQD,BQD,abstencao,0.7711,83,0.5312,32
AGNU,A/RES/70/172,2015-12-17,Dilma Rousseff (2015-2016),escrutinio,PRK,BQD,BQD,sim,0.8765,81,0.625,32
AGNU,A/RES/70/234,2015-12-23,Dilma Rousseff (2015-2016),escrutinio,SYR,BQD,BQD,sim,0.8841,69,0.5926,27
AG/OEA,AG/DEC. 94 (XLVI-O/16),2016-06-15,Michel Temer (2016-2018),outro,,,,consenso,,0,,0
AG/OEA,Votação de procedimento (2016-06-15),2016-06-15,Michel Temer (2016-2018),outro,,,,sim,0.6,20,0.6207,29
AGNU,A/RES/71/5,2016-10-26,Michel Temer (2016-2018),embargo_cuba,CUB,BQD,BQD,sim,0.9765,85,1.0,32
AGNU,A/RES/71/205,2016-12-19,Michel Temer (2016-2018),escrutinio,RUS,BQD,BQD,abstencao,0.6875,80,0.2581,31
AGNU,A/RES/71/203,2016-12-19,Michel Temer (2016-2018),escrutinio,SYR,BQD,BQD,sim,0.8313,83,0.625,32
AGNU,A/RES/71/204,2016-12-19,Michel Temer (2016-2018),escrutinio,IRN,BQD,BQD,abstencao,0.7805,82,0.5484,31
CDH,A/HRC/RES/34/30,2017-03-24,Michel Temer (2016-2018),escrutinio,ISR,nao_BQD,nao_BQD,sim,0.9048,21,0.7143,7
CDH,A/HRC/RES/34/26,2017-03-24,Michel Temer (2016-2018),escrutinio,SYR,BQD,BQD,sim,0.8095,21,0.4286,7
CDH,A/HRC/RES/34/23,2017-03-24,Michel Temer (2016-2018),escrutinio,IRN,BQD,BQD,abstencao,0.7619,21,0.4286,7
CDH,A/HRC/RES/35/27,2017-06-23,Michel Temer (2016-2018),escrutinio,BLR,BQD,BQD,sim,0.7143,21,0.2857,7
CDH,A/HRC/RES/35/26,2017-06-23,Michel Temer (2016-2018),escrutinio,SYR,BQD,BQD,sim,0.8095,21,0.4286,7
CDH,A/HRC/RES/36/2,2017-09-28,Michel Temer (2016-2018),cooperacao_tecnica,BDI,BQD,BQD,sim,0.2381,21,0.7143,7
CDH,A/HRC/RES/36/20,2017-09-29,Michel Temer (2016-2018),escrutinio,SYR,BQD,BQD,sim,0.8095,21,0.4286,7
AGNU,A/RES/72/4,2017-11-01,Michel Temer (2016-2018),embargo_cuba,CUB,BQD,BQD,sim,0.9767,86,1.0,32
CDH,A/HRC/RES/S-27/1,2017-12-05,Michel Temer (2016-2018),escrutinio,MMR,nao_BQD,BQD,sim,0.8095,21,0.6,5
AGNU,A/RES/72/190,2017-12-19,Michel Temer (2016-2018),escrutinio,RUS,BQD,BQD,abstencao,0.6962,79,0.2759,29
AGNU,A/RES/72/191,2017-12-19,Michel Temer (2016-2018),escrutinio,SYR,BQD,BQD,sim,0.8293,82,0.6333,30
AGNU,A/RES/72/189,2017-12-19,Michel Temer (2016-2018),escrutinio,IRN,BQD,BQD,abstencao,0.7561,82,0.4667,30
AGNU,A/RES/72/248,2017-12-24,Michel Temer (2016-2018),escrutinio,MMR,nao_BQD,BQD,sim,0.9054,74,0.8696,23
CDH,A/HRC/RES/37/1,2018-03-05,Michel Temer (2016-2018),escrutinio,SYR,BQD,BQD,sim,0.8947,19,0.5714,7
CDH,A/HRC/RES/37/29,2018-03-23,Michel Temer (2016-2018),escrutinio,SYR,BQD,BQD,sim,0.7895,19,0.5714,7
CDH,A/HRC/RES/37/35,2018-03-23,Michel Temer (2016-2018),escrutinio,ISR,nao_BQD,nao_BQD,sim,0.8889,18,1.0,7
CDH,A/HRC/RES/37/32,2018-03-23,Michel Temer (2016-2018),escrutinio,MMR,nao_BQD,BQD,sim,0.7895,19,0.5714,7
CDH,A/HRC/RES/37/30,2018-03-23,Michel Temer (2016-2018),escrutinio,IRN,BQD,BQD,abstencao,0.7895,19,0.5714,7
AG/OEA,AG/DEC. 97 (XLVIII-O/18),2018-06-05,Michel Temer (2016-2018),escrutinio,NIC,BQD,BQD,consenso,,0,,0
AG/OEA,AG/RES. 2929 (XLVIII-O/18),2018-06-05,Michel Temer (2016-2018),escrutinio,VEN,BQD,BQD,sim,,0,,0
CDH,A/HRC/RES/38/14,2018-07-06,Michel Temer (2016-2018),escrutinio,BLR,BQD,BQD,sim,0.7778,18,0.5714,7
CDH,A/HRC/RES/38/16,2018-07-06,Michel Temer (2016-2018),escrutinio,SYR,BQD,BQD,sim,0.7778,18,0.7143,7
CDH,A/HRC/RES/39/1,2018-09-27,Michel Temer (2016-2018),escrutinio,VEN,BQD,BQD,sim,0.7895,19,0.7143,7
CDH,A/HRC/RES/39/2,2018-09-27,Michel Temer (2016-2018),escrutinio,MMR,nao_BQD,BQD,sim,0.8421,19,1.0,5
CDH,A/HRC/RES/39/16,2018-09-28,Michel Temer (2016-2018),escrutinio,YEM,BQD,BQD,sim,0.7368,19,0.7143,7
CDH,A/HRC/RES/39/15,2018-09-28,Michel Temer (2016-2018),escrutinio,SYR,BQD,BQD,sim,0.7895,19,0.7143,7
CDH,A/HRC/RES/39/14,2018-09-28,Michel Temer (2016-2018),escrutinio,BDI,BQD,BQD,sim,0.8421,19,0.7143,7
AGNU,A/RES/73/8,2018-11-01,Michel Temer (2016-2018),embargo_cuba,CUB,BQD,BQD,sim,0.9762,84,1.0,32
AGNU,A/RES/73/181,2018-12-17,Michel Temer (2016-2018),escrutinio,IRN,BQD,BQD,abstencao,0.7711,83,0.5161,31
AGNU,A/RES/73/182,2018-12-17,Michel Temer (2016-2018),escrutinio,SYR,BQD,BQD,sim,0.8537,82,0.7333,30
AGNU,A/RES/73/264,2018-12-22,Michel Temer (2016-2018),escrutinio,MMR,nao_BQD,BQD,sim,0.8861,79,0.88,25
AGNU,A/RES/73/263,2018-12-22,Michel Temer (2016-2018),escrutinio,RUS,BQD,BQD,abstencao,0.6711,76,0.2692,26
CDH,A/HRC/RES/40/2,2019-03-21,Jair Messias Bolsonaro (2019-2022),escrutinio,NIC,BQD,BQD,sim,0.85,20,0.8571,7
CDH,A/HRC/RES/40/18,2019-03-22,Jair Messias Bolsonaro (2019-2022),escrutinio,IRN,BQD,BQD,abstencao,0.8,20,0.7143,7
CDH,A/HRC/RES/40/23,2019-03-22,Jair Messias Bolsonaro (2019-2022),escrutinio,ISR,nao_BQD,nao_BQD,sim,0.85,20,1.0,7
CDH,A/HRC/RES/40/29,2019-03-22,Jair Messias Bolsonaro (2019-2022),escrutinio,MMR,BQD,BQD,sim,0.9,20,0.8571,7
CDH,A/HRC/RES/40/17,2019-03-22,Jair Messias Bolsonaro (2019-2022),escrutinio,SYR,BQD,BQD,sim,0.85,20,0.8571,7
AG/OEA,AG/DEC. 100 (XLIX-O/19),2019-06-28,Jair Messias Bolsonaro (2019-2022),outro,,,,consenso,,0,,0
AG/OEA,AG/RES. 2943 (XLIX-O/19),2019-06-28,Jair Messias Bolsonaro (2019-2022),escrutinio,NIC,BQD,BQD,sim,0.55,20,0.5667,30
AG/OEA,"AG/RES. 2943 (XLIX-O/19), emenda",2019-06-28,Jair Messias Bolsonaro (2019-2022),outro,,,,sim,0.55,20,0.5667,30
AG/OEA,AG/RES. 2944 (XLIX-O/19),2019-06-28,Jair Messias Bolsonaro (2019-2022),escrutinio,VEN,BQD,BQD,sim,0.5,20,0.5333,30
CDH,A/HRC/RES/41/1,2019-07-11,Jair Messias Bolsonaro (2019-2022),escrutinio,ERI,BQD,BQD,sim,0.85,20,0.8571,7
CDH,A/HRC/RES/41/23,2019-07-12,Jair Messias Bolsonaro (2019-2022),escrutinio,SYR,BQD,BQD,sim,0.85,20,0.8571,7
CDH,A/HRC/RES/41/22,2019-07-12,Jair Messias Bolsonaro (2019-2022),escrutinio,BLR,BQD,BQD,sim,0.75,20,0.5714,7
CDH,A/HRC/RES/42/4,2019-09-26,Jair Messias Bolsonaro (2019-2022),cooperacao_tecnica,VEN,BQD,BQD,nao,0.15,20,0.4286,7
CDH,A/HRC/RES/42/2,2019-09-26,Jair Messias Bolsonaro (2019-2022),escrutinio,YEM,BQD,BQD,sim,0.85,20,0.8571,7
CDH,A/HRC/RES/42/3,2019-09-26,Jair Messias Bolsonaro (2019-2022),escrutinio,MMR,BQD,BQD,sim,0.9,20,1.0,6
CDH,A/HRC/RES/42/27,2019-09-27,Jair Messias Bolsonaro (2019-2022),escrutinio,SYR,BQD,BQD,sim,0.85,20,0.8571,7
CDH,A/HRC/RES/42/26,2019-09-27,Jair Messias Bolsonaro (2019-2022),escrutinio,BDI,BQD,BQD,sim,0.85,20,0.8571,7
CDH,A/HRC/RES/42/25,2019-09-27,Jair Messias Bolsonaro (2019-2022),escrutinio,VEN,BQD,BQD,sim,0.8,20,0.5714,7
AGNU,A/RES/74/7,2019-11-07,Jair Messias Bolsonaro (2019-2022),embargo_cuba,CUB,BQD,BQD,nao,0.9753,81,0.9688,32
AGNU,A/RES/74/167,2019-12-18,Jair Messias Bolsonaro (2019-2022),escrutinio,IRN,BQD,BQD,abstencao,0.7468,79,0.5172,29
AGNU,A/RES/74/169,2019-12-18,Jair Messias Bolsonaro (2019-2022),escrutinio,SYR,BQD,BQD,sim,0.8354,79,0.7,30
AGNU,A/RES/74/168,2019-12-18,Jair Messias Bolsonaro (2019-2022),escrutinio,RUS,BQD,BQD,abstencao,0.6933,75,0.25,28
AGNU,A/RES/74/246,2019-12-27,Jair Messias Bolsonaro (2019-2022),escrutinio,MMR,BQD,BQD,sim,0.8684,76,0.8929,28
CDH,A/HRC/RES/43/2,2020-06-19,Jair Messias Bolsonaro (2019-2022),escrutinio,NIC,BQD,BQD,sim,0.9474,19,0.8571,7
CDH,A/HRC/RES/43/28,2020-06-22,Jair Messias Bolsonaro (2019-2022),escrutinio,SYR,BQD,BQD,sim,0.9474,19,0.8571,7
CDH,A/HRC/RES/43/24,2020-06-22,Jair Messias Bolsonaro (2019-2022),escrutinio,IRN,BQD,BQD,abstencao,0.8947,19,0.7143,7
CDH,A/HRC/RES/43/26,2020-06-22,Jair Messias Bolsonaro (2019-2022),escrutinio,MMR,BQD,BQD,sim,0.9474,19,0.8571,7
CDH,A/HRC/RES/44/1,2020-07-16,Jair Messias Bolsonaro (2019-2022),escrutinio,ERI,BQD,BQD,sim,0.8947,19,0.7143,7
CDH,A/HRC/RES/44/21,2020-07-17,Jair Messias Bolsonaro (2019-2022),escrutinio,SYR,BQD,BQD,sim,0.9474,19,0.8571,7
CDH,A/HRC/RES/44/19,2020-07-17,Jair Messias Bolsonaro (2019-2022),escrutinio,BLR,BQD,BQD,sim,0.8421,19,0.5714,7
CDH,A/HRC/RES/45/1,2020-09-18,Jair Messias Bolsonaro (2019-2022),escrutinio,BLR,BQD,BQD,sim,0.8947,19,0.7143,7
CDH,A/HRC/RES/45/2,2020-10-06,Jair Messias Bolsonaro (2019-2022),cooperacao_tecnica,VEN,BQD,BQD,nao,0.0526,19,0.2857,7
CDH,A/HRC/RES/45/20,2020-10-06,Jair Messias Bolsonaro (2019-2022),escrutinio,VEN,BQD,BQD,sim,0.9474,19,0.7143,7
CDH,A/HRC/RES/45/21,2020-10-06,Jair Messias Bolsonaro (2019-2022),escrutinio,SYR,BQD,BQD,sim,0.9474,19,0.8571,7
CDH,A/HRC/RES/45/19,2020-10-06,Jair Messias Bolsonaro (2019-2022),escrutinio,BDI,BQD,BQD,sim,0.9474,19,0.8571,7
CDH,A/HRC/RES/45/15,2020-10-06,Jair Messias Bolsonaro (2019-2022),escrutinio,YEM,BQD,BQD,sim,0.8947,19,0.8571,7
AG/OEA,AG/RES. 2962 (L-O/20),2020-10-21,Jair Messias Bolsonaro (2019-2022),escrutinio,NIC,BQD,BQD,sim,0.5,20,0.5484,31
AG/OEA,AG/RES. 2963 (L-O/20),2020-10-21,Jair Messias Bolsonaro (2019-2022),escrutinio,VEN,BQD,BQD,sim,0.45,20,0.5806,31
AGNU,A/RES/75/192,2020-12-16,Jair Messias Bolsonaro (2019-2022),escrutinio,RUS,BQD,BQD,abstencao,0.6623,77,0.2258,31
AGNU,A/RES/75/191,2020-12-16,Jair Messias Bolsonaro (2019-2022),escrutinio,IRN,BQD,BQD,abstencao,0.7468,79,0.5,32
AGNU,A/RES/75/193,2020-12-16,Jair Messias Bolsonaro (2019-2022),escrutinio,SYR,BQD,BQD,sim,0.8228,79,0.6562,32
AGNU,A/RES/75/238,2020-12-31,Jair Messias Bolsonaro (2019-2022),escrutinio,MMR,BQD,BQD,sim,0.8667,75,0.8077,26
CDH,A/HRC/RES/46/18,2021-03-23,Jair Messias Bolsonaro (2019-2022),escrutinio,IRN,BQD,BQD,abstencao,0.8824,17,0.4286,7
CDH,A/HRC/RES/46/2,2021-03-23,Jair Messias Bolsonaro (2019-2022),escrutinio,NIC,BQD,BQD,sim,0.9412,17,0.5714,7
CDH,A/HRC/RES/46/3,2021-03-23,Jair Messias Bolsonaro (2019-2022),escrutinio,ISR,nao_BQD,nao_BQD,nao,0.6471,17,0.8571,7
CDH,A/HRC/RES/46/23,2021-03-24,Jair Messias Bolsonaro (2019-2022),escrutinio,SSD,BQD,BQD,abstencao,0.9412,17,0.5714,7
AGNU,A/RES/75/289,2021-06-23,Jair Messias Bolsonaro (2019-2022),embargo_cuba,CUB,BQD,BQD,abstencao,0.9753,81,0.9688,32
CDH,A/HRC/RES/47/2,2021-07-12,Jair Messias Bolsonaro (2019-2022),escrutinio,ERI,BQD,BQD,sim,0.9412,17,0.5714,7
CDH,A/HRC/RES/47/13,2021-07-13,Jair Messias Bolsonaro (2019-2022),escrutinio,ETH,BQD,BQD,sim,0.9412,17,0.5714,7
CDH,A/HRC/RES/47/18,2021-07-13,Jair Messias Bolsonaro (2019-2022),escrutinio,SYR,BQD,BQD,sim,0.9412,17,0.5714,7
CDH,A/HRC/RES/47/19,2021-07-13,Jair Messias Bolsonaro (2019-2022),escrutinio,BLR,BQD,BQD,sim,0.9412,17,0.5714,7
CDH,A/HRC/RES/48/1,2021-10-07,Jair Messias Bolsonaro (2019-2022),escrutinio,AFG,BQD,BQD,sim,1.0,17,0.5714,7
CDH,A/HRC/RES/48/16,2021-10-08,Jair Messias Bolsonaro (2019-2022),escrutinio,BDI,BQD,BQD,sim,0.9412,17,0.5714,7
CDH,A/HRC/RES/48/15,2021-10-08,Jair Messias Bolsonaro (2019-2022),escrutinio,SYR,BQD,BQD,abstencao,0.9412,17,0.5714,7
AG/OEA,AG/RES. 2978 (LI-O/21),2021-11-12,Jair Messias Bolsonaro (2019-2022),escrutinio,NIC,BQD,BQD,sim,0.8095,21,0.7333,30
AG/OEA,AG/DEC. 105 (LI-O/21),2021-11-12,Jair Messias Bolsonaro (2019-2022),outro,,,,consenso,,0,,0
AGNU,A/RES/76/179,2021-12-16,Jair Messias Bolsonaro (2019-2022),escrutinio,RUS,BQD,BQD,abstencao,0.6974,76,0.3,30
AGNU,A/RES/76/178,2021-12-16,Jair Messias Bolsonaro (2019-2022),escrutinio,IRN,BQD,BQD,abstencao,0.7564,78,0.5,30
CDH,A/HRC/RES/S-33/1,2021-12-17,Jair Messias Bolsonaro (2019-2022),escrutinio,ETH,BQD,BQD,sim,0.9412,17,0.5714,7
AGNU,A/RES/76/228,2021-12-24,Jair Messias Bolsonaro (2019-2022),escrutinio,SYR,BQD,BQD,sim,0.8143,70,0.5556,27
CDH,A/HRC/RES/49/1,2022-03-04,Jair Messias Bolsonaro (2019-2022),escrutinio,RUS,BQD,BQD,sim,0.9286,14,0.5714,7
CDH,A/HRC/RES/49/4,2022-03-31,Jair Messias Bolsonaro (2019-2022),escrutinio,ISR,nao_BQD,nao_BQD,nao,0.7857,14,0.8571,7
CDH,A/HRC/RES/49/3,2022-03-31,Jair Messias Bolsonaro (2019-2022),escrutinio,NIC,BQD,BQD,sim,0.9286,14,0.4286,7
CDH,A/HRC/RES/49/27,2022-04-01,Jair Messias Bolsonaro (2019-2022),escrutinio,SYR,BQD,BQD,abstencao,0.9286,14,0.5714,7
CDH,A/HRC/RES/49/26,2022-04-01,Jair Messias Bolsonaro (2019-2022),escrutinio,BLR,BQD,BQD,sim,0.9286,14,0.5714,7
CDH,A/HRC/RES/49/24,2022-04-01,Jair Messias Bolsonaro (2019-2022),escrutinio,IRN,BQD,BQD,abstencao,0.9286,14,0.5714,7
CDH,A/HRC/RES/S-34/1,2022-05-12,Jair Messias Bolsonaro (2019-2022),escrutinio,RUS,BQD,BQD,sim,0.9333,15,0.5714,7
CDH,A/HRC/RES/50/2,2022-07-07,Jair Messias Bolsonaro (2019-2022),escrutinio,ERI,BQD,BQD,sim,0.9333,15,0.5714,7
CDH,A/HRC/RES/50/20,2022-07-08,Jair Messias Bolsonaro (2019-2022),escrutinio,BLR,BQD,BQD,sim,0.9333,15,0.5714,7
CDH,A/HRC/RES/50/19,2022-07-08,Jair Messias Bolsonaro (2019-2022),escrutinio,SYR,BQD,BQD,abstencao,0.9333,15,0.5714,7
AG/OEA,AG/DEC. 108 (LII-O/22),2022-10-06,Jair Messias Bolsonaro (2019-2022),outro,,,,consenso,,0,,0
AG/OEA,AG/DEC. 109 (LII-O/22),2022-10-06,Jair Messias Bolsonaro (2019-2022),outro,,,,consenso,,0,,0
AG/OEA,Votação de procedimento (2022-10-06),2022-10-06,Jair Messias Bolsonaro (2019-2022),outro,,,,abstencao,0.6818,22,0.6552,29
CDH,A/HRC/RES/51/26,2022-10-07,Jair Messias Bolsonaro (2019-2022),escrutinio,SYR,BQD,BQD,abstencao,0.9333,15,0.5714,7
CDH,A/HRC/RES/51/29,2022-10-07,Jair Messias Bolsonaro (2019-2022),escrutinio,VEN,BQD,BQD,sim,0.8667,15,0.1429,7
CDH,A/HRC/RES/51/28,2022-10-07,Jair Messias Bolsonaro (2019-2022),escrutinio,BDI,BQD,BQD,sim,0.9333,15,0.5714,7
CDH,A/HRC/RES/51/27,2022-10-07,Jair Messias Bolsonaro (2019-2022),escrutinio,ETH,BQD,BQD,sim,0.9333,15,0.5714,7
CDH,A/HRC/RES/51/25,2022-10-07,Jair Messias Bolsonaro (2019-2022),escrutinio,RUS,BQD,BQD,abstencao,0.9333,15,0.2857,7
CDH,A/HRC/RES/51/20,2022-10-07,Jair Messias Bolsonaro (2019-2022),escrutinio,AFG,BQD,BQD,sim,1.0,15,0.5714,7
AGNU,A/RES/77/7,2022-11-03,Jair Messias Bolsonaro (2019-2022),embargo_cuba,CUB,BQD,BQD,abstencao,0.9756,82,1.0,31
CDH,A/HRC/RES/S-35/1,2022-11-24,Jair Messias Bolsonaro (2019-2022),escrutinio,IRN,BQD,BQD,abstencao,0.9333,15,0.5714,7
AGNU,A/RES/77/229,2022-12-15,Jair Messias Bolsonaro (2019-2022),escrutinio,RUS,BQD,BQD,abstencao,0.8052,77,0.4667,30
AGNU,A/RES/77/228,2022-12-15,Jair Messias Bolsonaro (2019-2022),escrutinio,IRN,BQD,BQD,abstencao,0.7792,77,0.5667,30
AGNU,A/RES/77/230,2022-12-15,Jair Messias Bolsonaro (2019-2022),escrutinio,SYR,BQD,BQD,sim,0.8052,77,0.5667,30
AG/OEA,AG/RES. 3008 (LIII-O/23),2023-06-22,Luiz Inácio Lula da Silva (2023-),outro,,,,consenso,,0,,0
AG/OEA,AG/RES. 3006 (LIII-O/23),2023-06-23,Luiz Inácio Lula da Silva (2023-),escrutinio,NIC,BQD,BQD,consenso,,0,,0
AG/OEA,AG/RES. 3007 (LIII-O/23),2023-06-23,Luiz Inácio Lula da Silva (2023-),outro,,,,consenso,,0,,0
AGNU,A/RES/78/7,2023-11-02,Luiz Inácio Lula da Silva (2023-),embargo_cuba,CUB,BQD,BQD,sim,0.9753,81,1.0,31
AGNU,A/RES/78/220,2023-12-19,Luiz Inácio Lula da Silva (2023-),escrutinio,IRN,BQD,BQD,abstencao,0.7342,79,0.5862,29
AGNU,A/RES/78/222,2023-12-19,Luiz Inácio Lula da Silva (2023-),escrutinio,SYR,BQD,BQD,abstencao,0.7848,79,0.5862,29
AGNU,A/RES/78/221,2023-12-19,Luiz Inácio Lula da Silva (2023-),escrutinio,RUS,BQD,BQD,abstencao,0.7949,78,0.4828,29
CDH,A/HRC/RES/55/19,2024-04-04,Luiz Inácio Lula da Silva (2023-),escrutinio,IRN,BQD,BQD,abstencao,0.875,16,0.8571,7
CDH,A/HRC/RES/55/23,2024-04-04,Luiz Inácio Lula da Silva (2023-),escrutinio,RUS,BQD,BQD,abstencao,0.9375,16,0.7143,7
CDH,A/HRC/RES/55/22,2024-04-04,Luiz Inácio Lula da Silva (2023-),escrutinio,SYR,BQD,BQD,abstencao,0.9375,16,0.8571,7
CDH,A/HRC/RES/55/28,2024-04-05,Luiz Inácio Lula da Silva (2023-),escrutinio,ISR,nao_BQD,nao_BQD,sim,0.375,16,0.4286,7
AG/OEA,AG/RES. 3022 (LIV-O/24),2024-06-27,Luiz Inácio Lula da Silva (2023-),escrutinio,NIC,BQD,BQD,consenso,,0,,0
AG/OEA,AG/RES. 3023 (LIV-O/24),2024-06-27,Luiz Inácio Lula da Silva (2023-),outro,,,,consenso,,0,,0
AG/OEA,AG/RES. 3033 (LIV-O/24),2024-06-27,Luiz Inácio Lula da Silva (2023-),outro,,,,consenso,,0,,0
CDH,A/HRC/RES/56/17,2024-07-11,Luiz Inácio Lula da Silva (2023-),escrutinio,ERI,BQD,BQD,sim,0.875,16,0.8571,7
CDH,A/HRC/RES/57/22,2024-10-10,Luiz Inácio Lula da Silva (2023-),escrutinio,BDI,BQD,BQD,sim,0.875,16,0.8571,7
CDH,A/HRC/RES/57/21,2024-10-10,Luiz Inácio Lula da Silva (2023-),escrutinio,SYR,BQD,BQD,abstencao,0.9375,16,0.8571,7
CDH,A/HRC/RES/57/20,2024-10-10,Luiz Inácio Lula da Silva (2023-),escrutinio,RUS,BQD,BQD,abstencao,0.9375,16,0.5714,7
CDH,A/HRC/RES/57/36,2024-10-11,Luiz Inácio Lula da Silva (2023-),escrutinio,VEN,BQD,BQD,abstencao,0.875,16,0.7143,7
AGNU,A/RES/79/7,2024-10-30,Luiz Inácio Lula da Silva (2023-),embargo_cuba,CUB,BQD,BQD,sim,0.9759,83,1.0,31
AGNU,A/RES/79/184,2024-12-17,Luiz Inácio Lula da Silva (2023-),escrutinio,RUS,BQD,BQD,abstencao,0.8,80,0.5517,29
AGNU,A/RES/79/183,2024-12-17,Luiz Inácio Lula da Silva (2023-),escrutinio,IRN,BQD,BQD,abstencao,0.7284,81,0.6207,29
AGNU,A/RES/79/185,2024-12-17,Luiz Inácio Lula da Silva (2023-),escrutinio,SYR,BQD,BQD,abstencao,0.7654,81,0.6786,28
CDH,A/HRC/RES/58/2,2025-04-02,Luiz Inácio Lula da Silva (2023-),escrutinio,ISR,sem_classificacao,nao_BQD,sim,,0,0.8571,7
CDH,A/HRC/RES/58/19,2025-04-03,Luiz Inácio Lula da Silva (2023-),escrutinio,BLR,sem_classificacao,BQD,sim,,0,0.7143,7
CDH,A/HRC/RES/58/21,2025-04-03,Luiz Inácio Lula da Silva (2023-),escrutinio,IRN,sem_classificacao,BQD,abstencao,,0,0.7143,7
CDH,A/HRC/RES/58/18,2025-04-03,Luiz Inácio Lula da Silva (2023-),escrutinio,NIC,sem_classificacao,BQD,sim,,0,0.7143,7
CDH,A/HRC/RES/58/24,2025-04-04,Luiz Inácio Lula da Silva (2023-),escrutinio,RUS,sem_classificacao,BQD,abstencao,,0,0.5714,7
CDH,A/HRC/RES/59/1,2025-07-04,Luiz Inácio Lula da Silva (2023-),escrutinio,ERI,sem_classificacao,BQD,sim,,0,0.7143,7
CDH,A/HRC/RES/60/15,2025-10-06,Luiz Inácio Lula da Silva (2023-),escrutinio,BDI,sem_classificacao,BQD,sim,,0,0.7143,7
CDH,A/HRC/RES/60/21,2025-10-07,Luiz Inácio Lula da Silva (2023-),escrutinio,RUS,sem_classificacao,BQD,abstencao,,0,0.3333,6
AGNU,A/RES/80/4,2025-10-29,Luiz Inácio Lula da Silva (2023-),embargo_cuba,CUB,sem_classificacao,BQD,sim,,0,0.8621,29
AGNU,A/RES/80/134,2025-12-15,Luiz Inácio Lula da Silva (2023-),outro,,,,sim,,0,0.9615,26
AGNU,A/RES/80/136,2025-12-15,Luiz Inácio Lula da Silva (2023-),outro,,,,sim,,0,1.0,28
AGNU,A/RES/80/224,2025-12-18,Luiz Inácio Lula da Silva (2023-),escrutinio,SYR,sem_classificacao,BQD,sim,,0,0.8,25
AGNU,A/RES/80/223,2025-12-18,Luiz Inácio Lula da Silva (2023-),escrutinio,RUS,sem_classificacao,BQD,abstencao,,0,0.5769,26
AGNU,A/RES/80/222,2025-12-18,Luiz Inácio Lula da Silva (2023-),escrutinio,IRN,sem_classificacao,BQD,abstencao,,0,0.6667,27
CDH,A/HRC/RES/S-39/1,2026-01-23,Luiz Inácio Lula da Silva (2023-),escrutinio,IRN,sem_classificacao,sem_classificacao,abstencao,,0,0.8571,7
CDH,A/HRC/RES/61/4,2026-03-27,Luiz Inácio Lula da Silva (2023-),escrutinio,ISR,sem_classificacao,sem_classificacao,sim,,0,0.5714,7
CDH,A/HRC/RES/61/26,2026-03-30,Luiz Inácio Lula da Silva (2023-),escrutinio,BLR,sem_classificacao,sem_classificacao,sim,,0,0.8571,7
CDH,A/HRC/RES/61/29,2026-03-31,Luiz Inácio Lula da Silva (2023-),escrutinio,RUS,sem_classificacao,sem_classificacao,abstencao,,0,0.5714,7
CDH,A/HRC/RES/62/2,2026-07-06,Luiz Inácio Lula da Silva (2023-),escrutinio,ERI,sem_classificacao,sem_classificacao,sim,,0,0.6667,6
