partido,rede,tipo,inicio_observado,fim_observado
PSB,Aliança Progressista,membro_de,2014-12-10,2024-03-04
PT,Aliança Progressista,membro_de,2014-12-10,
MDB,Conferência Permanente de Partidos Políticos da América Latina e do Caribe,membro_de,2003-06-27,
PDT,Conferência Permanente de Partidos Políticos da América Latina e do Caribe,membro_de,2003-06-27,
PT,Conferência Permanente de Partidos Políticos da América Latina e do Caribe,membro_de,2003-06-27,
CIDADANIA,Foro de São Paulo,membro_de,2014-08-23,2024-07-15
PCB,Foro de São Paulo,membro_de,2014-08-23,2024-07-15
PCDOB,Foro de São Paulo,membro_de,2014-08-23,2024-07-15
PDT,Foro de São Paulo,membro_de,2014-08-23,2024-07-15
PPL,Foro de São Paulo,membro_de,2014-08-23,2019-08-26
PSB,Foro de São Paulo,membro_de,2014-08-23,2019-08-26
PT,Foro de São Paulo,membro_de,2014-08-23,2024-07-15
DEM,Internacional Democrata Centrista,membro_de,2003-07-02,2013-07-14
PSDB,Internacional Democrata Centrista,observador_de,2003-06-29,2013-07-14
NOVO,Internacional Liberal,observador_de,2025-10-13,
PDT,Internacional Socialista,membro_de,2019-07-12,
DEM,International Democrat Union,membro_de,2018-06-12,2023-07-08
UNIÃO,International Democrat Union,membro_de,2024-07-11,
DEM,Organização Democrata Cristã da América,membro_de,2008-07-14,2016-03-15
PSDB,Organização Democrata Cristã da América,observador_de,2008-07-14,2016-03-15
