casa,processo,motivo,ementa
CD,REP 2/2019,Emerson Miguel Petriv (PROS-PR) não consta em cargos da base (lista de deputados por legislatura do bruto não o traz); fora da base,"Representação em desfavor do Senhor EMERSON MIGUEL PETRIV, Deputado Federal pelo Partido Republicano da Ordem Social (PROS-PR), por atos incompatíveis com o decoro parlamentar."
CD,REP 3/2019,Emerson Miguel Petriv (PROS-PR) não consta em cargos da base; fora da base,"Representação em desfavor do Senhor EMERSON MIGUEL PETRIV, Deputado Federal pelo Partido Republicano da Ordem Social (PROS-PR), por atos incompatíveis com o decoro parlamentar."
SF,DEN 1/2005,"a ementa cita o Senador Flexa Ribeiro, mas o cargo de senador dele na base começa em 2011 e a denúncia é de 2005-04-15; não confere","Encaminha ao Presidente do Conselho de Ética e Decoro Parlamentar cópia de documentos que cita a Empresa ENGEPLAN, que teria como sócio o Senador FLEXA RIBEIRO."
SF,PCE 1/2006,despacho sobre petição de cidadão; a ementa não nomeia o representado,Despacho do Presidente do Conselho de Ética e Decoro Parlamentar sobre Petição do Sr. Antonio da Silva e Silva.
SF,PCE 2/2006,despacho sobre petição de cidadão; a ementa não nomeia o representado,Despacho do Presidente do Conselho de Ética e Decoro Parlamentar sobre Petição do Sr. Expedicto Mendonça.
SF,PCE 4/2006,despacho sobre petição de cidadão; a ementa não nomeia o representado,Despacho do Presidente do Conselho de Ética e Decoro Parlamentar sobre Petição do Sr. Roberto Requião de Mello e Silva.
SF,PCE 3/2006,despacho sobre petição de cidadão; a ementa não nomeia o representado,Despacho do Presidente do Conselho de Ética e Decoro Parlamentar sobre Petição do Sr. Expedicto Mendonça.
SF,PCE 2/2017,a ementa fala em senadores sem nomeá-los,Requer a abertura de Procedimento Disciplinar para verificação de prática de ato incompatível com a ética e o decoro parlamentar em face dos Senadores que impediram a continuidade regular da 100ª Sess
SF,PCE 8/2018,decisão da Presidência sobre ofício do STF; a ementa não nomeia o representado,"Decisão do Presidente do Senado Federal remetendo ao Conselho de Ética e Decoro Parlamentar, nos termos da Resolução nº 20, de 1993, o Ofício nº 1739/2018 do Supremo Tribunal Federal."
