id_partido,sigla,legislatura,bancada,n_reu,n_reu_sem_a_conferir,n_reu_com_revisar,n_condenacao,n_condenacao_com_revisar,taxa_reu,ic95_reu_inf,ic95_reu_sup,taxa_condenacao,ic95_condenacao_inf,ic95_condenacao_sup,taxa_reu_sem_a_conferir,taxa_reu_com_revisar,taxa_condenacao_com_revisar
INS-000090,PT,52,119,0,0,0,0,0,0.0,0.0,0.0313,0.0,0.0,0.0313,0.0,0.0,0.0
INS-000075,MDB,52,114,5,5,6,0,0,0.0439,0.0189,0.0986,0.0,0.0,0.0326,0.0439,0.0526,0.0
INS-000070,DEM,52,105,1,1,2,0,0,0.0095,0.0017,0.052,0.0,0.0,0.0353,0.0095,0.019,0.0
INS-000092,PSDB,52,98,3,3,3,0,0,0.0306,0.0105,0.0862,0.0,0.0,0.0377,0.0306,0.0306,0.0
INS-000059,PP,52,52,2,2,3,0,0,0.0385,0.0106,0.1298,0.0,0.0,0.0688,0.0385,0.0577,0.0
INS-000062,PTB,52,50,0,0,0,0,0,0.0,0.0,0.0714,0.0,0.0,0.0714,0.0,0.0,0.0
INS-000064,PL,52,43,0,0,0,0,0,0.0,0.0,0.082,0.0,0.0,0.082,0.0,0.0,0.0
INS-000091,PSB,52,41,1,1,2,0,0,0.0244,0.0043,0.126,0.0,0.0,0.0857,0.0244,0.0488,0.0
INS-000089,PDT,52,29,0,0,0,0,0,0.0,0.0,0.117,0.0,0.0,0.117,0.0,0.0,0.0
INS-000081,CIDADANIA,52,24,0,0,0,0,0,0.0,0.0,0.138,0.0,0.0,0.138,0.0,0.0,0.0
INS-000079,PCDOB,52,13,0,0,0,0,0,0.0,0.0,0.2281,0.0,0.0,0.2281,0.0,0.0,0.0
INS-000067,PRONA,52,6,0,0,0,0,0,0.0,0.0,0.3903,0.0,0.0,0.3903,0.0,0.0,0.0
INS-000093,PV,52,6,1,1,1,0,0,0.1667,0.0301,0.5635,0.0,0.0,0.3903,0.1667,0.1667,0.0
INS-000082,PSL,52,2,0,0,0,0,0,0.0,0.0,0.6576,0.0,0.0,0.6576,0.0,0.0,0.0
INS-000087,MOBILIZA,52,2,1,1,1,0,0,0.5,0.0945,0.9055,0.0,0.0,0.6576,0.5,0.5,0.0
,sem partido na base,52,1,0,0,0,0,0,0.0,0.0,0.7935,0.0,0.0,0.7935,0.0,0.0,0.0
INS-000066,PST,52,1,0,0,0,0,0,0.0,0.0,0.7935,0.0,0.0,0.7935,0.0,0.0,0.0
INS-000073,AVANTE,52,1,0,0,0,0,0,0.0,0.0,0.7935,0.0,0.0,0.7935,0.0,0.0,0.0
INS-000085,PSC,52,1,0,0,0,0,0,0.0,0.0,0.7935,0.0,0.0,0.7935,0.0,0.0,0.0
INS-000075,MDB,52-55,478,25,24,34,2,2,0.0523,0.0357,0.0761,0.0042,0.0011,0.0151,0.0502,0.0711,0.0042
INS-000090,PT,52-55,443,15,15,17,2,2,0.0339,0.0206,0.0551,0.0045,0.0012,0.0163,0.0339,0.0384,0.0045
INS-000092,PSDB,52-55,344,15,14,16,1,1,0.0436,0.0266,0.0707,0.0029,0.0005,0.0163,0.0407,0.0465,0.0029
INS-000070,DEM,52-55,296,12,12,16,2,3,0.0405,0.0233,0.0695,0.0068,0.0019,0.0243,0.0405,0.0541,0.0101
INS-000059,PP,52-55,202,12,11,16,3,4,0.0594,0.0343,0.101,0.0149,0.0051,0.0427,0.0545,0.0792,0.0198
INS-000091,PSB,52-55,176,4,2,7,0,0,0.0227,0.0089,0.057,0.0,0.0,0.0214,0.0114,0.0398,0.0
INS-000062,PTB,52-55,154,11,9,14,1,1,0.0714,0.0403,0.1234,0.0065,0.0011,0.0359,0.0584,0.0909,0.0065
INS-000068,PL,52-55,140,6,6,9,2,2,0.0429,0.0198,0.0903,0.0143,0.0039,0.0506,0.0429,0.0643,0.0143
INS-000089,PDT,52-55,133,6,5,8,1,1,0.0451,0.0208,0.0949,0.0075,0.0013,0.0414,0.0376,0.0602,0.0075
INS-000081,CIDADANIA,52-55,78,0,0,0,0,0,0.0,0.0,0.0469,0.0,0.0,0.0469,0.0,0.0,0.0
INS-000079,PCDOB,52-55,66,2,2,3,0,0,0.0303,0.0083,0.1039,0.0,0.0,0.055,0.0303,0.0455,0.0
INS-000085,PSC,52-55,51,4,3,4,0,0,0.0784,0.0309,0.185,0.0,0.0,0.07,0.0588,0.0784,0.0
INS-000093,PV,52-55,50,1,1,1,0,0,0.02,0.0035,0.105,0.0,0.0,0.0714,0.02,0.02,0.0
INS-000099,PSD,52-55,49,2,1,2,0,0,0.0408,0.0113,0.1371,0.0,0.0,0.0727,0.0204,0.0408,0.0
INS-000064,PL,52-55,43,0,0,0,0,0,0.0,0.0,0.082,0.0,0.0,0.082,0.0,0.0,0.0
INS-000071,REPUBLICANOS,52-55,42,1,1,2,0,0,0.0238,0.0042,0.1232,0.0,0.0,0.0838,0.0238,0.0476,0.0
INS-000077,SOLIDARIEDADE,52-55,20,0,0,0,0,0,0.0,0.0,0.1611,0.0,0.0,0.1611,0.0,0.0,0.0
INS-000087,MOBILIZA,52-55,17,4,4,6,0,0,0.2353,0.0955,0.4726,0.0,0.0,0.1843,0.2353,0.3529,0.0
INS-000084,PROS,52-55,16,0,0,0,0,0,0.0,0.0,0.1936,0.0,0.0,0.1936,0.0,0.0,0.0
INS-000098,PSOL,52-55,16,0,0,0,0,0,0.0,0.0,0.1936,0.0,0.0,0.1936,0.0,0.0,0.0
INS-000060,PHS,52-55,11,0,0,0,0,0,0.0,0.0,0.2588,0.0,0.0,0.2588,0.0,0.0,0.0
INS-000073,AVANTE,52-55,11,0,0,0,0,0,0.0,0.0,0.2588,0.0,0.0,0.2588,0.0,0.0,0.0
INS-000082,PSL,52-55,9,0,0,0,0,0,0.0,0.0,0.2992,0.0,0.0,0.2992,0.0,0.0,0.0
INS-000061,AGIR,52-55,7,0,0,0,0,0,0.0,0.0,0.3543,0.0,0.0,0.3543,0.0,0.0,0.0
INS-000078,PRP,52-55,7,1,0,1,0,0,0.1429,0.0257,0.5131,0.0,0.0,0.3543,0.0,0.1429,0.0
INS-000067,PRONA,52-55,6,0,0,0,0,0,0.0,0.0,0.3903,0.0,0.0,0.3903,0.0,0.0,0.0
INS-000072,PODE,52-55,5,1,1,1,0,0,0.2,0.0362,0.6245,0.0,0.0,0.4345,0.2,0.2,0.0
INS-000076,DC,52-55,5,0,0,0,0,0,0.0,0.0,0.4345,0.0,0.0,0.4345,0.0,0.0,0.0
INS-000096,PRTB,52-55,5,2,2,2,0,0,0.4,0.1176,0.7693,0.0,0.0,0.4345,0.4,0.4,0.0
,sem partido na base,52-55,3,0,0,0,0,0,0.0,0.0,0.5615,0.0,0.0,0.5615,0.0,0.0,0.0
INS-000069,PAN,52-55,3,1,1,1,0,0,0.3333,0.0615,0.7923,0.0,0.0,0.5615,0.3333,0.3333,0.0
INS-000074,PATRIOTA,52-55,3,0,0,0,0,0,0.0,0.0,0.5615,0.0,0.0,0.5615,0.0,0.0,0.0
INS-000066,PST,52-55,1,0,0,0,0,0,0.0,0.0,0.7935,0.0,0.0,0.7935,0.0,0.0,0.0
INS-000090,PT,52-57,599,15,15,17,2,2,0.025,0.0152,0.0409,0.0033,0.0009,0.0121,0.025,0.0284,0.0033
INS-000075,MDB,52-57,589,25,24,34,2,2,0.0424,0.0289,0.0619,0.0034,0.0009,0.0123,0.0407,0.0577,0.0034
INS-000092,PSDB,52-57,411,15,14,16,1,1,0.0365,0.0222,0.0593,0.0024,0.0004,0.0137,0.0341,0.0389,0.0024
INS-000070,DEM,52-57,337,12,12,16,3,4,0.0356,0.0205,0.0612,0.0089,0.003,0.0258,0.0356,0.0475,0.0119
INS-000059,PP,52-57,321,12,11,16,3,4,0.0374,0.0215,0.0642,0.0093,0.0032,0.0271,0.0343,0.0498,0.0125
INS-000068,PL,52-57,315,6,6,10,2,2,0.019,0.0088,0.0409,0.0063,0.0017,0.0229,0.019,0.0317,0.0063
INS-000091,PSB,52-57,237,4,2,7,0,0,0.0169,0.0066,0.0426,0.0,0.0,0.016,0.0084,0.0295,0.0
INS-000089,PDT,52-57,192,7,5,9,1,1,0.0365,0.0178,0.0733,0.0052,0.0009,0.0289,0.026,0.0469,0.0052
INS-000099,PSD,52-57,177,2,1,3,0,0,0.0113,0.0031,0.0403,0.0,0.0,0.0212,0.0056,0.0169,0.0
INS-000062,PTB,52-57,168,11,9,14,1,1,0.0655,0.037,0.1134,0.006,0.0011,0.0329,0.0536,0.0833,0.006
INS-000071,REPUBLICANOS,52-57,137,2,1,3,0,0,0.0146,0.004,0.0517,0.0,0.0,0.0273,0.0073,0.0219,0.0
INS-000081,CIDADANIA,52-57,96,0,0,0,0,0,0.0,0.0,0.0385,0.0,0.0,0.0385,0.0,0.0,0.0
INS-000079,PCDOB,52-57,86,2,2,3,0,0,0.0233,0.0064,0.0809,0.0,0.0,0.0428,0.0233,0.0349,0.0
INS-000083,UNIÃO,52-57,84,0,0,0,0,0,0.0,0.0,0.0437,0.0,0.0,0.0437,0.0,0.0,0.0
INS-000082,PSL,52-57,69,0,0,1,0,1,0.0,0.0,0.0527,0.0,0.0,0.0527,0.0,0.0145,0.0145
INS-000085,PSC,52-57,68,4,3,4,0,0,0.0588,0.0231,0.1417,0.0,0.0,0.0535,0.0441,0.0588,0.0
INS-000093,PV,52-57,61,1,1,1,0,0,0.0164,0.0029,0.0872,0.0,0.0,0.0592,0.0164,0.0164,0.0
INS-000072,PODE,52-57,57,1,1,1,0,0,0.0175,0.0031,0.0929,0.0,0.0,0.0631,0.0175,0.0175,0.0
INS-000064,PL,52-57,43,0,0,0,0,0,0.0,0.0,0.082,0.0,0.0,0.082,0.0,0.0,0.0
INS-000098,PSOL,52-57,42,0,0,0,0,0,0.0,0.0,0.0838,0.0,0.0,0.0838,0.0,0.0,0.0
INS-000077,SOLIDARIEDADE,52-57,40,0,0,0,0,0,0.0,0.0,0.0876,0.0,0.0,0.0876,0.0,0.0,0.0
INS-000084,PROS,52-57,35,0,0,0,0,0,0.0,0.0,0.0989,0.0,0.0,0.0989,0.0,0.0,0.0
INS-000073,AVANTE,52-57,28,0,0,0,0,0,0.0,0.0,0.1206,0.0,0.0,0.1206,0.0,0.0,0.0
INS-000087,MOBILIZA,52-57,20,4,4,6,0,0,0.2,0.0807,0.416,0.0,0.0,0.1611,0.2,0.3,0.0
INS-000060,PHS,52-57,17,0,0,0,0,0,0.0,0.0,0.1843,0.0,0.0,0.1843,0.0,0.0,0.0
INS-000074,PATRIOTA,52-57,15,0,0,0,0,0,0.0,0.0,0.2039,0.0,0.0,0.2039,0.0,0.0,0.0
INS-000101,REDE,52-57,12,0,0,0,0,0,0.0,0.0,0.2425,0.0,0.0,0.2425,0.0,0.0,0.0
INS-000078,PRP,52-57,11,1,0,1,0,0,0.0909,0.0162,0.3774,0.0,0.0,0.2588,0.0,0.0909,0.0
INS-000100,NOVO,52-57,11,0,0,0,0,0,0.0,0.0,0.2588,0.0,0.0,0.2588,0.0,0.0,0.0
INS-000061,AGIR,52-57,9,0,0,0,0,0,0.0,0.0,0.2992,0.0,0.0,0.2992,0.0,0.0,0.0
INS-000067,PRONA,52-57,6,0,0,0,0,0,0.0,0.0,0.3903,0.0,0.0,0.3903,0.0,0.0,0.0
INS-000076,DC,52-57,6,0,0,0,0,0,0.0,0.0,0.3903,0.0,0.0,0.3903,0.0,0.0,0.0
INS-000096,PRTB,52-57,5,2,2,2,0,0,0.4,0.1176,0.7693,0.0,0.0,0.4345,0.4,0.4,0.0
,sem partido na base,52-57,4,0,0,0,0,0,0.0,0.0,0.4899,0.0,0.0,0.4899,0.0,0.0,0.0
INS-000069,PAN,52-57,3,1,1,1,0,0,0.3333,0.0615,0.7923,0.0,0.0,0.5615,0.3333,0.3333,0.0
INS-000086,PRD,52-57,2,0,0,0,0,0,0.0,0.0,0.6576,0.0,0.0,0.6576,0.0,0.0,0.0
INS-000066,PST,52-57,1,0,0,0,0,0,0.0,0.0,0.7935,0.0,0.0,0.7935,0.0,0.0,0.0
INS-000080,PPL,52-57,1,0,0,0,0,0,0.0,0.0,0.7935,0.0,0.0,0.7935,0.0,0.0,0.0
INS-000075,MDB,53,133,4,4,6,2,2,0.0301,0.0118,0.0748,0.015,0.0041,0.0532,0.0301,0.0451,0.015
INS-000090,PT,53,109,6,6,6,0,0,0.055,0.0255,0.1149,0.0,0.0,0.034,0.055,0.055,0.0
INS-000070,DEM,53,97,6,6,7,0,1,0.0619,0.0287,0.1284,0.0,0.0,0.0381,0.0619,0.0722,0.0103
INS-000092,PSDB,53,93,1,1,1,0,0,0.0108,0.0019,0.0584,0.0,0.0,0.0397,0.0108,0.0108,0.0
INS-000059,PP,53,46,3,3,5,0,0,0.0652,0.0224,0.175,0.0,0.0,0.0771,0.0652,0.1087,0.0
INS-000068,PL,53,44,3,3,4,0,0,0.0682,0.0235,0.1823,0.0,0.0,0.0803,0.0682,0.0909,0.0
INS-000062,PTB,53,40,5,5,6,0,0,0.125,0.0546,0.2611,0.0,0.0,0.0876,0.125,0.15,0.0
INS-000091,PSB,53,39,1,0,1,0,0,0.0256,0.0045,0.1318,0.0,0.0,0.0897,0.0,0.0256,0.0
INS-000089,PDT,53,32,1,0,2,0,0,0.0312,0.0055,0.1574,0.0,0.0,0.1072,0.0,0.0625,0.0
INS-000081,CIDADANIA,53,22,0,0,0,0,0,0.0,0.0,0.1487,0.0,0.0,0.1487,0.0,0.0,0.0
INS-000079,PCDOB,53,15,0,0,0,0,0,0.0,0.0,0.2039,0.0,0.0,0.2039,0.0,0.0,0.0
INS-000093,PV,53,14,0,0,0,0,0,0.0,0.0,0.2153,0.0,0.0,0.2153,0.0,0.0,0.0
INS-000085,PSC,53,8,0,0,0,0,0,0.0,0.0,0.3244,0.0,0.0,0.3244,0.0,0.0,0.0
INS-000087,MOBILIZA,53,5,1,1,1,0,0,0.2,0.0362,0.6245,0.0,0.0,0.4345,0.2,0.2,0.0
INS-000061,AGIR,53,4,0,0,0,0,0,0.0,0.0,0.4899,0.0,0.0,0.4899,0.0,0.0,0.0
INS-000098,PSOL,53,4,0,0,0,0,0,0.0,0.0,0.4899,0.0,0.0,0.4899,0.0,0.0,0.0
INS-000060,PHS,53,3,0,0,0,0,0,0.0,0.0,0.5615,0.0,0.0,0.5615,0.0,0.0,0.0
INS-000069,PAN,53,3,1,1,1,0,0,0.3333,0.0615,0.7923,0.0,0.0,0.5615,0.3333,0.3333,0.0
INS-000071,REPUBLICANOS,53,3,0,0,0,0,0,0.0,0.0,0.5615,0.0,0.0,0.5615,0.0,0.0,0.0
INS-000073,AVANTE,53,3,0,0,0,0,0,0.0,0.0,0.5615,0.0,0.0,0.5615,0.0,0.0,0.0
,sem partido na base,53,1,0,0,0,0,0,0.0,0.0,0.7935,0.0,0.0,0.7935,0.0,0.0,0.0
INS-000096,PRTB,53,1,1,1,1,0,0,1.0,0.2065,1.0,0.0,0.0,0.7935,1.0,1.0,0.0
INS-000075,MDB,54,129,4,3,6,0,0,0.031,0.0121,0.077,0.0,0.0,0.0289,0.0233,0.0465,0.0
INS-000090,PT,54,127,5,5,7,2,2,0.0394,0.0169,0.0889,0.0157,0.0043,0.0556,0.0394,0.0551,0.0157
INS-000092,PSDB,54,82,9,8,10,1,1,0.1098,0.0588,0.1956,0.0122,0.0022,0.0659,0.0976,0.122,0.0122
INS-000070,DEM,54,64,3,3,5,1,1,0.0469,0.0161,0.129,0.0156,0.0028,0.0833,0.0469,0.0781,0.0156
INS-000059,PP,54,55,3,2,3,2,2,0.0545,0.0187,0.1485,0.0364,0.01,0.1232,0.0364,0.0545,0.0364
INS-000068,PL,54,52,3,3,4,1,1,0.0577,0.0198,0.1564,0.0192,0.0034,0.1012,0.0577,0.0769,0.0192
INS-000091,PSB,54,49,0,0,1,0,0,0.0,0.0,0.0727,0.0,0.0,0.0727,0.0,0.0204,0.0
INS-000089,PDT,54,39,3,3,3,0,0,0.0769,0.0265,0.2032,0.0,0.0,0.0897,0.0769,0.0769,0.0
INS-000062,PTB,54,33,3,2,4,0,0,0.0909,0.0314,0.2357,0.0,0.0,0.1043,0.0606,0.1212,0.0
INS-000085,PSC,54,24,2,1,2,0,0,0.0833,0.0232,0.2585,0.0,0.0,0.138,0.0417,0.0833,0.0
INS-000079,PCDOB,54,20,2,2,2,0,0,0.1,0.0279,0.301,0.0,0.0,0.1611,0.1,0.1,0.0
INS-000093,PV,54,19,0,0,0,0,0,0.0,0.0,0.1682,0.0,0.0,0.1682,0.0,0.0,0.0
INS-000081,CIDADANIA,54,17,0,0,0,0,0,0.0,0.0,0.1843,0.0,0.0,0.1843,0.0,0.0,0.0
INS-000071,REPUBLICANOS,54,14,0,0,1,0,0,0.0,0.0,0.2153,0.0,0.0,0.2153,0.0,0.0714,0.0
INS-000087,MOBILIZA,54,7,2,2,3,0,0,0.2857,0.0822,0.6411,0.0,0.0,0.3543,0.2857,0.4286,0.0
INS-000098,PSOL,54,5,0,0,0,0,0,0.0,0.0,0.4345,0.0,0.0,0.4345,0.0,0.0,0.0
INS-000073,AVANTE,54,4,0,0,0,0,0,0.0,0.0,0.4899,0.0,0.0,0.4899,0.0,0.0,0.0
INS-000078,PRP,54,3,1,0,1,0,0,0.3333,0.0615,0.7923,0.0,0.0,0.5615,0.0,0.3333,0.0
INS-000082,PSL,54,3,0,0,0,0,0,0.0,0.0,0.5615,0.0,0.0,0.5615,0.0,0.0,0.0
INS-000060,PHS,54,2,0,0,0,0,0,0.0,0.0,0.6576,0.0,0.0,0.6576,0.0,0.0,0.0
INS-000096,PRTB,54,2,0,0,0,0,0,0.0,0.0,0.6576,0.0,0.0,0.6576,0.0,0.0,0.0
INS-000099,PSD,54,2,1,0,1,0,0,0.5,0.0945,0.9055,0.0,0.0,0.6576,0.0,0.5,0.0
,sem partido na base,54,1,0,0,0,0,0,0.0,0.0,0.7935,0.0,0.0,0.7935,0.0,0.0,0.0
INS-000061,AGIR,54,1,0,0,0,0,0,0.0,0.0,0.7935,0.0,0.0,0.7935,0.0,0.0,0.0
INS-000074,PATRIOTA,54,1,0,0,0,0,0,0.0,0.0,0.7935,0.0,0.0,0.7935,0.0,0.0,0.0
INS-000076,DC,54,1,0,0,0,0,0,0.0,0.0,0.7935,0.0,0.0,0.7935,0.0,0.0,0.0
INS-000075,MDB,55,102,12,12,16,0,0,0.1176,0.0686,0.1945,0.0,0.0,0.0363,0.1176,0.1569,0.0
INS-000090,PT,55,88,4,4,4,0,0,0.0455,0.0178,0.1111,0.0,0.0,0.0418,0.0455,0.0455,0.0
INS-000092,PSDB,55,71,2,2,2,0,0,0.0282,0.0078,0.097,0.0,0.0,0.0513,0.0282,0.0282,0.0
INS-000059,PP,55,49,4,4,5,1,2,0.0816,0.0322,0.1919,0.0204,0.0036,0.1069,0.0816,0.102,0.0408
INS-000091,PSB,55,47,2,1,3,0,0,0.0426,0.0117,0.1425,0.0,0.0,0.0756,0.0213,0.0638,0.0
INS-000099,PSD,55,47,1,1,1,0,0,0.0213,0.0038,0.1111,0.0,0.0,0.0756,0.0213,0.0213,0.0
INS-000068,PL,55,44,0,0,1,1,1,0.0,0.0,0.0803,0.0227,0.004,0.1181,0.0,0.0227,0.0227
INS-000089,PDT,55,33,2,2,3,1,1,0.0606,0.0168,0.1961,0.0303,0.0054,0.1532,0.0606,0.0909,0.0303
INS-000062,PTB,55,31,3,2,4,1,1,0.0968,0.0335,0.249,0.0323,0.0057,0.1619,0.0645,0.129,0.0323
INS-000070,DEM,55,30,2,2,2,1,1,0.0667,0.0185,0.2132,0.0333,0.0059,0.1667,0.0667,0.0667,0.0333
INS-000071,REPUBLICANOS,55,25,1,1,1,0,0,0.04,0.0071,0.1954,0.0,0.0,0.1332,0.04,0.04,0.0
INS-000077,SOLIDARIEDADE,55,20,0,0,0,0,0,0.0,0.0,0.1611,0.0,0.0,0.1611,0.0,0.0,0.0
INS-000079,PCDOB,55,18,0,0,1,0,0,0.0,0.0,0.1759,0.0,0.0,0.1759,0.0,0.0556,0.0
INS-000085,PSC,55,18,2,2,2,0,0,0.1111,0.031,0.328,0.0,0.0,0.1759,0.1111,0.1111,0.0
INS-000084,PROS,55,16,0,0,0,0,0,0.0,0.0,0.1936,0.0,0.0,0.1936,0.0,0.0,0.0
INS-000081,CIDADANIA,55,15,0,0,0,0,0,0.0,0.0,0.2039,0.0,0.0,0.2039,0.0,0.0,0.0
INS-000093,PV,55,11,0,0,0,0,0,0.0,0.0,0.2588,0.0,0.0,0.2588,0.0,0.0,0.0
INS-000098,PSOL,55,7,0,0,0,0,0,0.0,0.0,0.3543,0.0,0.0,0.3543,0.0,0.0,0.0
INS-000060,PHS,55,6,0,0,0,0,0,0.0,0.0,0.3903,0.0,0.0,0.3903,0.0,0.0,0.0
INS-000072,PODE,55,5,1,1,1,0,0,0.2,0.0362,0.6245,0.0,0.0,0.4345,0.2,0.2,0.0
INS-000076,DC,55,4,0,0,0,0,0,0.0,0.0,0.4899,0.0,0.0,0.4899,0.0,0.0,0.0
INS-000078,PRP,55,4,0,0,0,0,0,0.0,0.0,0.4899,0.0,0.0,0.4899,0.0,0.0,0.0
INS-000082,PSL,55,4,0,0,0,0,0,0.0,0.0,0.4899,0.0,0.0,0.4899,0.0,0.0,0.0
INS-000073,AVANTE,55,3,0,0,0,0,0,0.0,0.0,0.5615,0.0,0.0,0.5615,0.0,0.0,0.0
INS-000087,MOBILIZA,55,3,0,0,1,0,0,0.0,0.0,0.5615,0.0,0.0,0.5615,0.0,0.3333,0.0
INS-000061,AGIR,55,2,0,0,0,0,0,0.0,0.0,0.6576,0.0,0.0,0.6576,0.0,0.0,0.0
INS-000074,PATRIOTA,55,2,0,0,0,0,0,0.0,0.0,0.6576,0.0,0.0,0.6576,0.0,0.0,0.0
INS-000096,PRTB,55,2,1,1,1,0,0,0.5,0.0945,0.9055,0.0,0.0,0.6576,0.5,0.5,0.0
INS-000090,PT,56,68,0,0,0,0,0,0.0,0.0,0.0535,0.0,0.0,0.0535,0.0,0.0,0.0
INS-000082,PSL,56,59,0,0,1,0,1,0.0,0.0,0.0611,0.0,0.0,0.0611,0.0,0.0169,0.0169
INS-000099,PSD,56,56,0,0,1,0,0,0.0,0.0,0.0642,0.0,0.0,0.0642,0.0,0.0179,0.0
INS-000075,MDB,56,53,0,0,0,0,0,0.0,0.0,0.0676,0.0,0.0,0.0676,0.0,0.0,0.0
INS-000059,PP,56,51,0,0,0,0,0,0.0,0.0,0.07,0.0,0.0,0.07,0.0,0.0,0.0
INS-000092,PSDB,56,48,0,0,0,0,0,0.0,0.0,0.0741,0.0,0.0,0.0741,0.0,0.0,0.0
INS-000068,PL,56,44,0,0,1,0,0,0.0,0.0,0.0803,0.0,0.0,0.0803,0.0,0.0227,0.0
INS-000091,PSB,56,42,0,0,0,0,0,0.0,0.0,0.0838,0.0,0.0,0.0838,0.0,0.0,0.0
INS-000070,DEM,56,41,0,0,0,1,1,0.0,0.0,0.0857,0.0244,0.0043,0.126,0.0,0.0,0.0244
INS-000071,REPUBLICANOS,56,37,0,0,0,0,0,0.0,0.0,0.0941,0.0,0.0,0.0941,0.0,0.0,0.0
INS-000089,PDT,56,34,1,0,1,0,0,0.0294,0.0052,0.1492,0.0,0.0,0.1015,0.0,0.0294,0.0
INS-000072,PODE,56,21,0,0,0,0,0,0.0,0.0,0.1546,0.0,0.0,0.1546,0.0,0.0,0.0
INS-000084,PROS,56,17,0,0,0,0,0,0.0,0.0,0.1843,0.0,0.0,0.1843,0.0,0.0,0.0
INS-000077,SOLIDARIEDADE,56,14,0,0,0,0,0,0.0,0.0,0.2153,0.0,0.0,0.2153,0.0,0.0,0.0
INS-000062,PTB,56,13,0,0,0,0,0,0.0,0.0,0.2281,0.0,0.0,0.2281,0.0,0.0,0.0
INS-000081,CIDADANIA,56,13,0,0,0,0,0,0.0,0.0,0.2281,0.0,0.0,0.2281,0.0,0.0,0.0
INS-000085,PSC,56,11,0,0,0,0,0,0.0,0.0,0.2588,0.0,0.0,0.2588,0.0,0.0,0.0
INS-000098,PSOL,56,11,0,0,0,0,0,0.0,0.0,0.2588,0.0,0.0,0.2588,0.0,0.0,0.0
INS-000079,PCDOB,56,10,0,0,0,0,0,0.0,0.0,0.2775,0.0,0.0,0.2775,0.0,0.0,0.0
INS-000073,AVANTE,56,9,0,0,0,0,0,0.0,0.0,0.2992,0.0,0.0,0.2992,0.0,0.0,0.0
INS-000100,NOVO,56,8,0,0,0,0,0,0.0,0.0,0.3244,0.0,0.0,0.3244,0.0,0.0,0.0
INS-000060,PHS,56,6,0,0,0,0,0,0.0,0.0,0.3903,0.0,0.0,0.3903,0.0,0.0,0.0
INS-000074,PATRIOTA,56,6,0,0,0,0,0,0.0,0.0,0.3903,0.0,0.0,0.3903,0.0,0.0,0.0
INS-000093,PV,56,5,0,0,0,0,0,0.0,0.0,0.4345,0.0,0.0,0.4345,0.0,0.0,0.0
INS-000101,REDE,56,5,0,0,0,0,0,0.0,0.0,0.4345,0.0,0.0,0.4345,0.0,0.0,0.0
INS-000078,PRP,56,4,0,0,0,0,0,0.0,0.0,0.4899,0.0,0.0,0.4899,0.0,0.0,0.0
INS-000087,MOBILIZA,56,3,0,0,0,0,0,0.0,0.0,0.5615,0.0,0.0,0.5615,0.0,0.0,0.0
INS-000061,AGIR,56,2,0,0,0,0,0,0.0,0.0,0.6576,0.0,0.0,0.6576,0.0,0.0,0.0
,sem partido na base,56,1,0,0,0,0,0,0.0,0.0,0.7935,0.0,0.0,0.7935,0.0,0.0,0.0
INS-000076,DC,56,1,0,0,0,0,0,0.0,0.0,0.7935,0.0,0.0,0.7935,0.0,0.0,0.0
INS-000080,PPL,56,1,0,0,0,0,0,0.0,0.0,0.7935,0.0,0.0,0.7935,0.0,0.0,0.0
INS-000083,UNIÃO,56,1,0,0,0,0,0,0.0,0.0,0.7935,0.0,0.0,0.7935,0.0,0.0,0.0
INS-000068,PL,57,131,0,0,0,0,0,0.0,0.0,0.0285,0.0,0.0,0.0285,0.0,0.0,0.0
INS-000090,PT,57,88,0,0,0,0,0,0.0,0.0,0.0418,0.0,0.0,0.0418,0.0,0.0,0.0
INS-000083,UNIÃO,57,83,0,0,0,0,0,0.0,0.0,0.0442,0.0,0.0,0.0442,0.0,0.0,0.0
INS-000099,PSD,57,72,0,0,0,0,0,0.0,0.0,0.0507,0.0,0.0,0.0507,0.0,0.0,0.0
INS-000059,PP,57,68,0,0,0,0,0,0.0,0.0,0.0535,0.0,0.0,0.0535,0.0,0.0,0.0
INS-000071,REPUBLICANOS,57,58,1,0,1,0,0,0.0172,0.003,0.0914,0.0,0.0,0.0621,0.0,0.0172,0.0
INS-000075,MDB,57,58,0,0,0,0,0,0.0,0.0,0.0621,0.0,0.0,0.0621,0.0,0.0,0.0
INS-000072,PODE,57,31,0,0,0,0,0,0.0,0.0,0.1103,0.0,0.0,0.1103,0.0,0.0,0.0
INS-000089,PDT,57,25,0,0,0,0,0,0.0,0.0,0.1332,0.0,0.0,0.1332,0.0,0.0,0.0
INS-000091,PSB,57,19,0,0,0,0,0,0.0,0.0,0.1682,0.0,0.0,0.1682,0.0,0.0,0.0
INS-000092,PSDB,57,19,0,0,0,0,0,0.0,0.0,0.1682,0.0,0.0,0.1682,0.0,0.0,0.0
INS-000098,PSOL,57,15,0,0,0,0,0,0.0,0.0,0.2039,0.0,0.0,0.2039,0.0,0.0,0.0
INS-000079,PCDOB,57,10,0,0,0,0,0,0.0,0.0,0.2775,0.0,0.0,0.2775,0.0,0.0,0.0
INS-000073,AVANTE,57,8,0,0,0,0,0,0.0,0.0,0.3244,0.0,0.0,0.3244,0.0,0.0,0.0
INS-000101,REDE,57,7,0,0,0,0,0,0.0,0.0,0.3543,0.0,0.0,0.3543,0.0,0.0,0.0
INS-000074,PATRIOTA,57,6,0,0,0,0,0,0.0,0.0,0.3903,0.0,0.0,0.3903,0.0,0.0,0.0
INS-000077,SOLIDARIEDADE,57,6,0,0,0,0,0,0.0,0.0,0.3903,0.0,0.0,0.3903,0.0,0.0,0.0
INS-000085,PSC,57,6,0,0,0,0,0,0.0,0.0,0.3903,0.0,0.0,0.3903,0.0,0.0,0.0
INS-000093,PV,57,6,0,0,0,0,0,0.0,0.0,0.3903,0.0,0.0,0.3903,0.0,0.0,0.0
INS-000081,CIDADANIA,57,5,0,0,0,0,0,0.0,0.0,0.4345,0.0,0.0,0.4345,0.0,0.0,0.0
INS-000100,NOVO,57,3,0,0,0,0,0,0.0,0.0,0.5615,0.0,0.0,0.5615,0.0,0.0,0.0
INS-000084,PROS,57,2,0,0,0,0,0,0.0,0.0,0.6576,0.0,0.0,0.6576,0.0,0.0,0.0
INS-000086,PRD,57,2,0,0,0,0,0,0.0,0.0,0.6576,0.0,0.0,0.6576,0.0,0.0,0.0
INS-000062,PTB,57,1,0,0,0,0,0,0.0,0.0,0.7935,0.0,0.0,0.7935,0.0,0.0,0.0
INS-000082,PSL,57,1,0,0,0,0,0,0.0,0.0,0.7935,0.0,0.0,0.7935,0.0,0.0,0.0
