ap,id_ator,status,data,origem,vinculo,nome_no_portal,tipificacao,evidencia
AP 1002,ATR-000346,condenado_tribunal_superior,2020-06-10,curadoria,civil,ANÍBAL FERREIRA GOMES,"corrupção passiva (art. 317, § 1º, CP) e lavagem de dinheiro (Lei 9.613/1998, art. 1º, caput)","condenar, por maioria, o denunciado Aníbal Ferreira Gomes pelo crime do § 1° do art. 317 do CP"
AP 1003,ATR-000722,absolvido,2018-06-19,curadoria,civil,GLEISI HELENA HOFFMANN,,"por maioria, julgou improcedente a ação penal, nos termos do voto do Ministro Dias Toffoli"
AP 1014,ATR-000673,absolvido,2019-05-28,curadoria,civil,MARIA LAURA MONTEZA DE SOUZA CARNEIRO,,julgou improcedente a ação penal para absolver as rés
AP 1015,ATR-002285,condenado_tribunal_superior,2020-11-11,curadoria,civil,VALDIR RAUPP DE MATOS,"corrupção passiva (art. 317, § 1º, CP) e lavagem de dinheiro (Lei 9.613/1998, art. 1º, caput)","condenar o denunciado Valdir Raupp de Matos como incurso nas sanções do art. 317, § 1º, do Código Penal"
AP 1019,ATR-000448,absolvido,2020-08-24,curadoria,civil,VANDER LUIZ DOS SANTOS LOUBET,,"por unanimidade, julgou improcedente a denúncia, nos termos do voto do Relator"
AP 1025,ATR-002320,condenado_tribunal_superior,2023-06-01,curadoria,civil,FERNANDO AFFONSO COLLOR DE MELLO,"corrupção passiva (art. 317, caput, CP), lavagem de dinheiro (Lei 9.613/1998, art. 1º) e associação criminosa (art. 288, CP, com prescrição reconhecida)","condenar o réu Fernando Affonso Collor de Mello pela prática dos crimes previstos no art. 317, caput, do Código Penal"
AP 1030,ATR-000708,condenado_tribunal_superior,2019-10-23,curadoria,civil,LÚCIO QUADROS VIEIRA LIMA,"lavagem de dinheiro (Lei 9.613/1998, art. 1º, caput) e associação criminosa (art. 288, CP)","condenar, também por unanimidade, o acusado Lúcio Quadros Vieira Lima como incurso nas sanções do art. 1º, caput, da Lei 9.613/98"
AP 1032,ATR-000852,absolvido,2022-04-22,curadoria,civil,EDUARDO HENRIQUE DA FONTE DE ALBUQUERQUE SILVA,,julgou improcedente a denúncia para absolver os acusados Eduardo Henrique da Fonte de Albuquerque Silva
AP 347,ATR-000346,absolvido,2014-12-16,curadoria,civil,ANÍBAL FERREIRA GOMES OU ANÍBAL GOMES,,"por maioria, absolveu os réus, conforme disposto no art. 386, inc. III, do Código de Processo Penal"
AP 372,ATR-000683,absolvido,2010-12-16,curadoria,civil,JACKSON BARRETO DE LIMA,,julgou improcedente a ação e absolveu os acusados
AP 433,ATR-000455,absolvido,2010-03-11,curadoria,civil,FERNANDO LÚCIO GIACOBO,,"por maioria, absolveu os réus"
AP 433,ATR-000789,absolvido,2010-03-11,curadoria,civil,ALCENI ANGELO GUERRA,,"por maioria, absolveu os réus"
AP 447,ATR-000973,absolvido,2009-02-18,curadoria,civil,SÉRGIO IVAN MORAES,,"absolveu os réus, vencidos os Senhores Ministros Joaquim Barbosa"
AP 516,ATR-000393,condenado_tribunal_superior,2010-09-27,curadoria,civil,JOSÉ FUSCALDI CESÍLIO,"apropriação indébita previdenciária (art. 168-A, CP) e sonegação de contribuição previdenciária (art. 337-A, CP)",absolveu a ré Edna Márcia Cesílio e condenou o réu José Fuscaldi Cesílio
AP 528,ATR-000188,absolvido,2018-06-12,curadoria,civil,WLADIMIR AFONSO COSTA RABELO OU WLADIMIR AFONSO DA COSTA RABELO,,absolveu os réus Wladimir Afonso da Costa Rabelo e Wlaudecir Antonio da Costa Rabelo
AP 560,ATR-001086,absolvido,2015-08-25,curadoria,civil,MARCO ANTÔNIO TEBALDI,,"julgou improcedente a ação penal para o fim de absolver os acusados, com fundamento no art. 386, III, do CPP"
AP 565,ATR-002406,condenado_tribunal_superior,2013-08-08,curadoria,civil,IVO NARCISO CASSOL,"fraude à licitação (art. 90, Lei 8.666/1993)","condenar, por unanimidade, os acusados Ivo Narciso Cassol, Salomão da Silveira e Erodi Antonio Matt"
AP 580,ATR-000037,absolvido,2016-12-13,curadoria,civil,PAULO ROBERTO GOMES MANSUR,,julgou improcedente a ação penal e absolveu o réu Paulo Roberto Gomes Mansur
AP 689,ATR-000806,absolvido,2014-05-08,curadoria,civil,ALINE LEMOS CORRÊA DE OLIVEIRA ANDRADE,,"julgou improcedente a ação penal para absolver os réus com base no art. 386, IV"
AP 700,ATR-001259,absolvido,2016-02-23,curadoria,civil,WEVERTON ROCHA MARQUES DE SOUSA,,"por votação unânime, julgou improcedente a ação, nos termos do voto do Relator"
AP 903,ATR-001432,absolvido,2015-05-18,curadoria,civil,LÚCIO ANTÔNIO MOSQUINI,,Absolvidos sumariamente os acusados da prática do crime do art. 347 da Lei 4.737/65
AP 968,ATR-000756,condenado_tribunal_superior,2018-05-22,curadoria,civil,PAULO SALIM MALUF,"falsidade ideológica para fins eleitorais (art. 350, Código Eleitoral)",condenar o réu PAULO SALIM MALUF pela prática do crime de falsidade ideológica para fins eleitorais
AP 996,ATR-000147,condenado_tribunal_superior,2018-05-29,curadoria,manual: a lista de réus do portal traz só 'NELSON MEURER JÚNIOR' e 'CRISTIANO AUGUSTO MEURER'; o texto da decisão condena 'o réu,,"corrupção passiva (art. 317, § 1º, CP)","condenar o réu Nelson Meurer como incurso nas sanções do art. 317, § 1º, do Código Penal"
AP 996,ATR-000147,punibilidade_extinta,2020-10-01,curadoria,"manual: mesmo motivo da linha anterior: o nome no texto da decisão é o do deputado, sem sufixo",,"morte do agente (art. 107, I, CP)",declaro extinta a punibilidade com relação ao investigado Nelson Meurer
AP 973,ATR-001093,condenado_tribunal_superior,2021-09-29,curadoria,manual: o texto da decisão identifica o réu como 'conhecido como deputado federal André Moura',,"crimes de responsabilidade (Decreto-Lei 201/1967, art. 1º, I e II), c/c arts. 29 e 71 do Código Penal","condenar o réu André Luiz Dantas Ferreira, conhecido como deputado federal André Moura"
AP 974,ATR-001093,condenado_tribunal_superior,2021-09-29,curadoria,manual: o texto da decisão identifica o réu como 'conhecido como deputado federal André Moura',,"crimes de responsabilidade (Decreto-Lei 201/1967, art. 1º, I e II), c/c arts. 29 e 71 do Código Penal","condenar o réu André Luiz Dantas Ferreira, conhecido como deputado federal André Moura"
AP 1011,ATR-002484,denuncia_rejeitada,2017-08-21,pdf,civil,DARIO ELIAS BERGER,"falta de justa causa pela insuficiência dos indícios de autoria (decisão de 18/08/2017, rejeição da denúncia)","em relação ao denunciado Dário Elias Berger, falta justa causa também pela insuficiência dos indícios de autoria"
AP 396,ATR-000760,punibilidade_extinta,2019-10-16,pdf,civil,NATAN DONADON,"art. 107, II, do Código Penal, nos termos do Decreto 9.246/2017 (indulto)",DECLARO extinta a punibilidade do sentenciado Natan Donandon
AP 415,ATR-000188,prescrito,2013-08-29,pdf,civil,WLADIMIR AFONSO DA COSTA RABELO,"prescrição da pretensão punitiva (queixa-crime; art. 109, V, c/c art. 117, I, do CP)","declaro extinta a punibilidade, nos termos do art. 107, IV"
AP 451,ATR-002320,punibilidade_extinta,2013-09-30,pdf,civil,FERNANDO AFFONSO COLLOR DE MELLO,"pagamento integral do crédito tributário (art. 9º, § 2º, da Lei 10.684/2003)","Isto posto, declaro extinta a punibilidade dos réus"
AP 467,ATR-000001,prescrito,2013-12-09,pdf,civil,JAIRO ATAÍDE VIEIRA,prescrição da pretensão punitiva (art. 90 da Lei 8.666/1993),declaro extinta a punibilidade do acusado Jairo Ataíde Vieira pelo crime previsto no art. 90 da Lei nº 8.666/93
AP 545,ATR-000854,prescrito,2012-12-17,pdf,civil,ELIENE JOSÉ DE LIMA,prescrição da pretensão punitiva,"extinção da punibilidade de Eliene José de Lima, em razão da prescrição da pretensão punitiva"
AP 557,ATR-002424,prescrito,2014-10-22,pdf,civil,LUIZ HENRIQUE DA SILVEIRA,"prescrição da pretensão punitiva, reconhecida de ofício",declaro extinta a punibilidade do denunciado LUIZ HENRIQUE DA SILVEIRA
AP 650,ATR-002424,prescrito,2014-11-10,pdf,civil,LUIZ HENRIQUE DA SILVEIRA,"prescrição da pretensão punitiva, reconhecida de ofício",declaro extinta a punibilidade do denunciado LUIZ HENRIQUE DA SILVEIRA
AP 582,ATR-001075,punibilidade_extinta,2014-06-16,pdf,civil,JULIO JOSE DE CAMPOS,"cumprimento das condições da suspensão condicional do processo (art. 89, § 5º, da Lei 9.099/1995)","declaro extinta punibilidade do réu, no âmbito desta ação penal, a teor do art. 3º, II, da Lei 8.038/1990"
AP 584,ATR-002452,prescrito,2014-04-24,pdf,civil,ROBERTO REQUIÃO DE MELLO E SILVA,"prescrição da pretensão punitiva (calúnia, art. 138 do CP)",DECLARO EXTINTA A PUNIBILIDADE do querelado pelo citado delito de calúnia
AP 593,ATR-000565,prescrito,2013-10-01,pdf,civil,GERALDO SIMÕES DE OLIVEIRA,prescrição da pretensão punitiva (art. 10 da Lei 7.347/1985),Declaro a extinção da punibilidade
AP 597,ATR-001217,prescrito,2014-02-05,pdf,civil,PAULO CESAR JUSTO QUARTIERO,prescrição da pretensão punitiva,DECLARO EXTINTA A PUNIBILIDADE do agente pelos delitos de que tratam os presentes autos
AP 607,ATR-002452,prescrito,2015-08-04,pdf,civil,ROBERTO REQUIÃO DE MELLO E SILVA,prescrição intercorrente da pretensão punitiva,declaro extinta a punibilidade do denunciado Roberto Requião de Mello e Silva
AP 615,ATR-000006,prescrito,2012-11-29,pdf,civil,SÍLVIO SERAFIM COSTA,"prescrição da pretensão punitiva (injúria, art. 140 do CP)",Incidiu a prescrição
AP 624,ATR-001159,prescrito,2013-03-05,pdf,manual: grafia do nome civil na decisão ('de Assunção') difere da candidatura do TSE ('da Assunção'); a decisão registra a eleição do réu a Deputado,,"prescrição da pretensão punitiva (dano qualificado, art. 163, III, do CP)",há a incidência da prescrição da pretensão punitiva. 3. Declaro-a.
AP 642,ATR-000894,prescrito,2013-09-30,pdf,civil,JOSÉ ABELARDO GUIMARÃES CAMARINHA,prescrição da pretensão punitiva (injúria),DECLARO EXTINTA A PUNIBILIDADE do querelado pelo delito de injúria que lhe é imputado nos autos
AP 648,ATR-002431,prescrito,2015-09-02,pdf,"manual: a decisão diz que a acusada completou 70 anos em 18/03/2015; a candidatura de 2010 de 'Marta Suplicy' (PT, senador) no TSE traz nascimento e",,"prescrição da pretensão punitiva (art. 89 da Lei 8.666/1993; acusada com mais de 70 anos, art. 115 do CP)","declaro extinta a punibilidade de Marta Teresa Suplicy, em decorrência da prescrição da pretensão punitiva"
AP 673,ATR-000746,prescrito,2013-09-19,pdf,civil,ANTÔNIA LUCILÉIA CRUZ RAMOS CÂMARA,"prescrição da pretensão punitiva (desacato, art. 331 do CP)","declaro extinta a punibilidade de Antônia Luciléia Cruz Ramos Câmara, referentemente ao delito tipificado no art. 331 do CP"
AP 675,ATR-001259,prescrito,2013-12-09,pdf,civil,WEVERTON ROCHA MARQUES DE SOUSA,"prescrição da pretensão punitiva (arts. 168, § 2º, III, e 171 do CP)","declaro extinta a punibilidade do acusado Weverton Rocha Marques de Sousa pelos crimes dos artigos 168, § 2º, III e 171"
AP 690,ATR-001225,punibilidade_extinta,2013-04-09,pdf,civil,FERNANDO DANTAS TORRES,"cumprimento das condições da suspensão condicional do processo (art. 89, § 5º, da Lei 9.099/1995)",declaro a extinção da punibilidade do acusado Fernando Dantas Torres
AP 696,ATR-002193,punibilidade_extinta,2014-02-28,pdf,civil,JOÃO BATISTA DE JESUS RIBEIRO OU JOÃO RIBEIRO,"morte do agente (art. 107, I, do CP)",declaro extinta a punibilidade do réu João Batista de Jesus Ribeiro
AP 699,ATR-001198,prescrito,2013-04-19,pdf,civil,ESPERIDIÃO AMIN HELOU FILHO,"prescrição da pretensão punitiva (art. 109, V, do CP)",julgo extinta a punibilidade de Esperidião Amin Helou Filho em relação aos fatos objeto da presente ação penal
AP 702,ATR-000427,prescrito,2015-02-20,pdf,civil,JOSUÉ BENGTSON,prescrição da pretensão punitiva (art. 90 da Lei 8.666/1993),declaro extinta a punibilidade do acusado Josué Bengtson pelo crime do artigo 90 da Lei nº 8.666/93
AP 854,ATR-001146,punibilidade_extinta,2014-03-11,pdf,civil,ROMARIO DE SOUZA FARIA,pagamento integral da dívida,"declaro extinta punibilidade do réu, no âmbito desta ação penal, a teor do art. 3º, II, da Lei 8.038/1990"
AP 868,ATR-000248,prescrito,2014-05-15,pdf,civil,JOÃO JOSÉ PEREIRA DE LYRA,prescrição da pretensão punitiva,"declaro extinta a punibilidade de João José Pereira de Lyra, pela ocorrência da prescrição"
AP 939,ATR-000496,punibilidade_extinta,2017-05-25,pdf,civil,JOÃO CASTELO RIBEIRO GONÇALVES,"morte do agente (art. 107, I, do CP)","em razão do falecimento do réu (fl. 866), declaro extinta a punibilidade de João Castelo Ribeiro Gonçalves"
AP 952,ATR-000967,punibilidade_extinta,2018-10-09,pdf,civil,RÔMULO JOSÉ DE GOUVEIA,"morte do agente (art. 107, I, do CP)","declaro extinta a punibilidade do acusado Rômulo José de Gouveia, com fundamento no art. 107, I, do Código Penal"
AP 961,ATR-001416,punibilidade_extinta,2018-06-05,pdf,curada,BENEVUTO DACIOLO,anistia da Lei 13.293/2016,"extingo a punibilidade do agente nos termos do art. 3º, II, da Lei nº 8.038/90"
AP 969,ATR-001093,punibilidade_extinta,2023-08-31,pdf,curada,ANDRÉ LUIZ DANTAS FERREIRA,"cumprimento de acordo de não persecução penal (art. 28-A, § 13, do CPP)",DECLARO EXTINTA A PUNIBILIDADE de ANDRÉ LUIZ DANTAS FERREIRA nos autos da Ação Penal 969
AP 983,ATR-001374,punibilidade_extinta,2018-03-07,pdf,civil,NEWTON CARDOSO JÚNIOR,"pagamento do débito tributário (art. 9º, § 2º, da Lei 10.684/2003 e art. 69 da Lei 11.941/2009)",declaro extinta a punibilidade de Newton Cardoso Júnior
AP 988,ATR-000133,prescrito,2017-10-19,pdf,manual: a decisão descreve o réu como 'deputado federal José Reinaldo Carneiro Tavares' e Governador do Maranhão; a base tem um só parlamentar de no,,"prescrição da pretensão punitiva, em reconsideração de decisão anterior (decisão de 11/10/2017)",Reconsidero o pronunciamento agravado para declarar extinta a pretensão punitiva estatal pela prescrição
AP 1006,ATR-001316,absolvido,2018-06-12,regra,civil,CARLOS CESAR CORREIA DE MESSIAS,assunto no STF: DIREITO PENAL,"Decisão: A Turma, preliminarmente e por maioria, manteve a competência do Supremo Tribunal Federal para julgamento do feito, vencidos os Ministros Marco Aurélio e Alexandre de Moraes, Presidente. No mérito, por unanimidade, julgou improcedente a ação penal (art. 386, inc. III, do Código de Processo "
AP 1018,ATR-002257,absolvido,2018-09-18,regra,civil,RENAN CALHEIROS OU JOSÉ RENAN VASCONCELOS CALHEIROS,assunto no STF: DIREITO PENAL | CRIMES PRATICADOS POR FUNCIONÁRIOS PÚBLICOS CONTRA A ADMINISTRAÇÃO EM GERAL | PECULATO,"Decisão: A Turma, por votação unânime, nos termos do voto do Relator, julgou improcedente a ação penal movida pelo Ministério Público contra o Senador Renan Calheiros e, por maioria de votos, absolveram-no com fundamento no art. 386, VII, do Código de Processo Penal, vencido, no ponto, o Ministro Gi"
AP 1044,ATR-001638,condenado_tribunal_superior,2022-04-20,regra,civil,DANIEL LÚCIO DA SILVEIRA,assunto no STF: DIREITO PROCESSUAL PENAL | INVESTIGAÇÃO PENAL,"Decisão: Preliminarmente, o Tribunal, por unanimidade, resolveu questão de ordem no sentido de rejeitar a alegação de suspeição e impedimento de Ministros do Supremo Tribunal Federal. Em seguida, o Tribunal, por maioria, rejeitou as preliminares, bem como decretou a perda de objeto dos agravos regim"
AP 374,ATR-000187,prescrito,2015-09-02,regra,civil,JADER FONTENELLE BARBALHO OU JADER BARBALHO,prescrição da pretensão punitiva,"(...) Posto isso, declaro extinta a punibilidade de Jader Fontenelle Barbalho, em decorrência da prescrição da pretensão punitiva, com base nos arts. 3º, II, da Lei 8.038/1990 e arts. 107, IV, 109, I, e 115, todos do Código Penal."
AP 396,ATR-000760,condenado_tribunal_superior,2010-10-28,regra,civil,NATAN DONADON,assunto no STF: DIREITO PENAL | CRIMES PRATICADOS POR FUNCIONÁRIOS PÚBLICOS CONTRA A ADMINISTRAÇÃO EM GERAL | PECULATO,"Decisão: O Tribunal, por maioria, resolveu a questão de ordem suscitada pela Relatora no sentido de reconhecer a subsistência da competência do Supremo para a causa, contra o voto do Senhor Ministro Marco Aurélio. Por unanimidade e nos termos do voto da Relatora, rejeitou todas as preliminares alega"
AP 397,ATR-000187,prescrito,2015-09-02,regra,civil,JADER FONTENELLE BARBALHO,prescrição da pretensão punitiva,"(...) Posto isso, declaro extinta a punibilidade de Jader Fontenelle Barbalho, em decorrência da prescrição da pretensão punitiva, com base nos arts. 3º, II, da Lei 8.038/1990 e arts. 107, IV, 109, I, e 115, todos do Código Penal."
AP 404,ATR-000762,prescrito,2014-09-23,regra,civil,ADEMIR CAMILO PRATES RODRIGUES,prescrição da pretensão punitiva,"Decisão: Por unanimidade, a Turma rejeitou as preliminares suscitadas. Por maioria de votos, assentou a prescrição da pretensão punitiva pela pena em abstrato, nos termos do voto do Senhor Ministro Roberto Barroso, revisor e redator do acórdão, vencidos, em parte, a Senhora Ministra Rosa Weber, rela"
AP 409,ATR-000406,condenado_tribunal_superior,2010-05-13,regra,civil,JOSÉ GERARDO OLIVEIRA DE ARRUDA FILHO,assunto no STF: DIREITO PENAL | CRIMES PREVISTOS NA LEGISLAÇÃO EXTRAVAGANTE | CRIMES DE RESPONSABILIDADE (o julgamento também tratou de prescrição ou extinção da punibilidade de parte das imputações),"Decisão: O Tribunal, por maioria, julgou procedente a ação, condenando o réu à pena de 2 (dois) anos e 2 (dois) meses de detenção, convertida em duas penas restritivas de direito, consistente no pagamento de 50 (cinqüenta) salários-mínimos e prestação de serviços à comunidade, nos termos dos votos d"
AP 416,ATR-000973,absolvido,2012-03-08,regra,civil,SÉRGIO IVAN MORAES,assunto no STF: DIREITO PENAL | CRIMES PREVISTOS NA LEGISLAÇÃO EXTRAVAGANTE | CRIMES DE RESPONSABILIDADE,"Decisão: O Tribunal, por unanimidade e nos termos do voto do Relator e da Revisora, julgou improcedente a ação e absolveu o réu Sérgio Ivan Moraes. Votou o Presidente, Ministro Cezar Peluso. Ausentes, justificadamente, o Senhor Ministro Joaquim Barbosa e, neste julgamento, o Senhor Ministro Marco Au"
AP 421,ATR-000949,absolvido,2015-04-28,regra,civil,PAULO PEREIRA DA SILVA,assunto no STF: DIREITO PROCESSUAL PENAL | JURISDIÇÃO E COMPETÊNCIA | COMPETÊNCIA POR PRERROGATIVA DE FUNÇÃO,"Decisão: Por unanimidade, a Turma rejeitou a preliminar de inépcia da denúncia. Por maioria de votos, rejeitou a preliminar de nulidade do processo, vencido o Senhor Ministro Marco Aurélio, Revisor. No mérito, por unanimidade, absolveu o réu quanto ao crime de falsificação de documento particular (a"
AP 430,ATR-000835,absolvido,2008-08-07,regra,civil,CASSIO TANIGUCHI,assunto no STF: DIREITO PENAL | CRIMES PREVISTOS NA LEGISLAÇÃO EXTRAVAGANTE | CRIMES DE RESPONSABILIDADE,"Decisão: O Tribunal, por unanimidade e nos termos do voto da relatora, julgou improcedente a ação, absolvendo o acusado. Ausentes, justificadamente, o Senhor Ministro Celso de Mello e, neste julgamento, o Senhor Ministro Gilmar Mendes (Presidente). Presidiu o julgamento o Senhor Ministro Cezar Pelus"
AP 432,ATR-000001,condenado_tribunal_superior,2013-10-10,regra,civil,JAIRO ATAÍDE VIEIRA,assunto no STF: DIREITO PENAL | CRIMES PREVISTOS NA LEGISLAÇÃO EXTRAVAGANTE | CRIMES DE RESPONSABILIDADE (o julgamento também tratou de prescrição ou extinção da punibilidade de parte das imputações),"Decisão: O Tribunal, por maioria, julgou parcialmente procedente a ação penal para condenar o réu pelo delito previsto no inciso II do art. 1º do Decreto-lei nº 201/1967, vencidos os Ministros Teori Zavascki, Gilmar Mendes e Marco Aurélio, que o absolviam. O Ministro Dias Toffoli condenou o réu com "
AP 439,ATR-000840,absolvido,2008-06-12,regra,civil,CLODOVIL HERNANDES,assunto no STF: DIREITO PENAL | CRIMES PREVISTOS NA LEGISLAÇÃO EXTRAVAGANTE | CRIMES CONTRA O MEIO AMBIENTE E O PATRIMÔNIO GENÉTICO,"Decisão: O Tribunal, por unanimidade, nos termos do voto do relator e do revisor, Ministro Gilmar Mendes (Presidente), julgou improcedente a ação. Ausente, justificadamente, o Senhor Ministro Joaquim Barbosa. Plenário, 12.06.2008."
AP 448,ATR-000973,prescrito,2014-02-24,regra,civil,SÉRGIO IVAN MORAES,prescrição da pretensão punitiva,"Em 21.2.2014: ""...declaro extinta a punibilidade do réu, Sérgio Ivan Moraes, no âmbito desta ação penal, em razão da ocorrência da prescrição da pretensão punitiva (art. 107, IV, do Código Penal). Publique-se. Intimem-se."""
AP 450,ATR-000001,absolvido,2014-11-18,regra,civil,JAIRO ATAÍDE VIEIRA,assunto no STF: DIREITO PENAL | CRIMES PREVISTOS NA LEGISLAÇÃO EXTRAVAGANTE | CRIMES DE RESPONSABILIDADE (o julgamento também tratou de prescrição ou extinção da punibilidade de parte das imputações),"Decisão: A Turma, por votação unânime, julgou improcedente a denúncia no que concerne à imputação de deixar de repassar à autarquia previdenciária as contribuições recolhidas dos servidores no ano de 2003, nos termos do artigo 386, II, do Código de Processo Penal, e, em relação às demais condutas, d"
AP 460,ATR-002326,absolvido,2014-04-11,regra,civil,JAYME VERÍSSIMO DE CAMPOS,assunto no STF: DIREITO PENAL | CRIMES CONTRA A FÉ PÚBLICA | USO DE DOCUMENTO FALSO,"NA SESSÃO DO PLENÁRIO DE 10.04.2014 - Decisão: O Tribunal, por unanimidade e nos termos do voto do Relator, julgou improcedente a ação penal para absolver o réu com base no art. 386, V, do Código de Processo Penal. Votou o Presidente, Ministro Joaquim Barbosa. Ausente, neste julgamento, o Ministro G"
AP 462,ATR-000914,absolvido,2009-06-25,regra,civil,LINDOMAR BARBOSA ALVES,assunto no STF: DIREITO PENAL | CRIMES CONTRA A FÉ PÚBLICA | FALSIFICAÇÃO DE DOCUMENTO PÚBLICO,"Decisão: O Tribunal, por maioria e nos termos do voto do Relator, julgou improcedente a ação, vencido o Senhor Ministro Marco Aurélio. Não votou o Senhor Ministro Celso de Mello por não ter assistido ao relatório. Ausente, licenciado, o Senhor Ministro Menezes Direito. Presidiu o julgamento o Senhor"
AP 463,ATR-000840,punibilidade_extinta,2009-05-25,regra,civil,CLODOVIL HERNANDES OU CLODOVIR HERNANDES,"morte do agente (art. 107, I, CP)","EM 18/05/2009: ""(...)2. ANTE O FALECIMENTO DO RÉU CLODOVIL HERNANDES, HÁ A EXTINÇÃO DA PUNIBILIDADE, CONFORME DISPOSTO NO INCISO I DO ARTIGO 107 DO CÓDIGO PENAL. . 3 PUBLIQUEM. """
AP 465,ATR-002320,absolvido,2014-04-24,regra,civil,FERNANDO AFFONSO COLLOR DE MELLO,assunto no STF: DIREITO PENAL | CRIMES PRATICADOS POR FUNCIONÁRIOS PÚBLICOS CONTRA A ADMINISTRAÇÃO EM GERAL | CORRUPÇÃO PASSIVA (o julgamento também tratou de prescrição ou extinção da punibilidade de parte das imputações),"Decisão: O Tribunal, por unanimidade, rejeitou as preliminares. No mérito, o Tribunal julgou improcedente a ação penal para absolver o réu com base no art. 386, inciso VII, do Código de Processo Penal, nos termos do voto da Relatora, vencidos, em parte, o Ministro Ricardo Lewandowski, que o absolvia"
AP 474,ATR-000188,absolvido,2012-09-12,regra,civil,WLADIMIR AFONSO DA COSTA RABELO,assunto no STF: DIREITO PENAL | CRIMES PREVISTOS NA LEGISLAÇÃO EXTRAVAGANTE | CRIMES DE IMPRENSA (o julgamento também tratou de prescrição ou extinção da punibilidade de parte das imputações),"Decisão: O Tribunal, por maioria, absolveu o querelado quanto ao crime de difamação, com base no art. 386, III, do Código de Processo Penal, vencido no ponto o Senhor Ministro Ayres Britto (Presidente), e reconheceu a prescrição da pretensão punitiva em relação ao delito de injúria, com base no art."
AP 481,ATR-000350,condenado_tribunal_superior,2011-09-08,regra,civil,ASDRÚBAL MENDES BENTES,assunto no STF: DIREITO PENAL | CRIMES PREVISTOS NA LEGISLAÇÃO EXTRAVAGANTE | CRIMES ELEITORAIS | CAPTAÇÃO ILÍCITA DE VOTOS OU CORRUPÇÃO ELEITORAL,"Decisão: O Tribunal julgou procedente em parte a ação penal para condenar o réu, pela prática do crime previsto no artigo 15 da Lei nº 9.263/96, à pena de 3 (três) anos, 1 (um) mês e 10 (dez) dias de reclusão e a 14 (quatorze) dias-multa, de valor unitário equivalente a 1 (um) salário mínimo, sob re"
AP 497,ATR-000839,absolvido,2014-10-07,regra,civil,CLEBER CORDEIRO MENDES OU CLEBER VERDE CORDEIRO MENDES,assunto no STF: DIREITO PENAL | CRIMES PRATICADOS POR FUNCIONÁRIOS PÚBLICOS CONTRA A ADMINISTRAÇÃO EM GERAL | INSERÇÃO DE DADOS FALSOS EM SISTEMA DE INFORMAÇÕES,"Decisão: A Turma decidiu pela absolvição do réu, nos termos do voto do relator. Unânime. Presidência do Senhor Ministro Marco Aurélio. Primeira Turma, 7.10.2014."
AP 498,ATR-000187,prescrito,2015-08-18,regra,civil,JADER FONTENELLE BARBALHO,prescrição da pretensão punitiva,"Decisão: A Turma declarou extinta a punibilidade pela prescrição da pretensão punitiva estatal, nos termos do voto do Relator. Unânime. Presidência da Senhora Ministra Rosa Weber. 1ª Turma, 18.8.2015."
AP 503,ATR-000835,condenado_tribunal_superior,2010-05-20,regra,civil,CÁSSIO TANIGUCHI,assunto no STF: DIREITO PROCESSUAL PENAL | JURISDIÇÃO E COMPETÊNCIA | COMPETÊNCIA POR PRERROGATIVA DE FUNÇÃO,"Decisão: O Tribunal, por maioria de votos, julgou procedente a ação penal quanto ao delito previsto no inciso IV do art. 1º do Decreto-lei nº 201/67, vencido, no ponto, o Senhor Ministro Marco Aurélio (Revisor), que a julgava improcedente; por votação unânime, julgou procedente a ação penal concerne"
AP 508,ATR-000970,prescrito,2021-08-03,regra,civil,SEBASTIÃO FERREIRA DA ROCHA,prescrição da pretensão punitiva (em relação a parte das imputações; ver decisão),"Decisão: O Tribunal, por unanimidade, no que concerne às infrações dos artigos 288, 319 do Código Penal e 92 da Lei nº 8.666/1993, declarou a extinção da punibilidade, considerada a prescrição da pretensão punitiva do Estado, e, quanto ao crime do artigo 317, absolveu o réu (artigo 386, inciso VII, "
AP 512,ATR-000960,absolvido,2015-11-17,regra,civil,ROBERTO PEREIRA DE BRITTO,assunto no STF: DIREITO PENAL | CRIMES PREVISTOS NA LEGISLAÇÃO EXTRAVAGANTE | CRIMES ELEITORAIS | CAPTAÇÃO ILÍCITA DE VOTOS OU CORRUPÇÃO ELEITORAL,"Decisão: A Turma, por votação unânime, julgou improcedente a ação penal e, em consequência, absolveu o réu da imputação penal contra ele deduzida, nos termos do artigo 386, inciso VII, do Código de Processo Penal, nos termos do voto do Relator. Falou, pelo réu, o Dr. José Rollemberg Leite Neto. Não "
AP 521,ATR-000377,absolvido,2014-12-02,regra,civil,JEFFERSON ALVES DE CAMPOS,assunto no STF: DIREITO PENAL | CRIMES PRATICADOS POR PARTICULAR CONTRA A ADMINISTRAÇÃO EM GERAL | CORRUPÇÃO ATIVA,"Decisão: A Turma julgou improcedente a ação penal, com a absolvição do réu, nos termos do voto da relatora. Unânime. Falou o Dr. Luis Maximiliano Leal Telesca Mota, pelo réu. Ausente, justificadamente, o Senhor Ministro Dias Toffoli. Presidência do Senhor Ministro Marco Aurélio. Primeira Turma, 2.12"
AP 523,ATR-000062,absolvido,2014-12-09,regra,civil,FERNANDO STEPHAN MARRONI,assunto no STF: DIREITO PENAL | CRIMES PREVISTOS NA LEGISLAÇÃO EXTRAVAGANTE | CRIMES DA LEI DE LICITAÇÕES,"Decisão: Por maioria de votos, a Turma absolveu o réu, nos termos do voto do Senhor Ministro Dias Toffoli, redator do acórdão e revisor, vencido o Senhor Ministro Marco Aurélio, Presidente e Relator. Primeira Turma, 9.12.2014."
AP 541,ATR-000894,absolvido,2014-03-21,regra,civil,JOSÉ ABELARDO GUIMARÃES CAMARINHA,assunto no STF: DIREITO PENAL | CRIMES CONTRA A HONRA | CALÚNIA,"O Tribunal, por unanimidade e nos termos do voto do Relator, absolveu o réu por atipicidade da conduta, com base no art. 386, III, do Código de Processo Penal. Votou o Presidente. Ausentes, justificadamente, a Ministra Cármen Lúcia, em viagem oficial para participar da 98ª Comissão de Veneza, na cid"
AP 554,ATR-002285,absolvido,2015-05-05,regra,civil,VALDIR RAUPP DE MATOS,assunto no STF: DIREITO PENAL | CRIMES PREVISTOS NA LEGISLAÇÃO EXTRAVAGANTE | CRIMES CONTRA O SISTEMA FINANCEIRO NACIONAL,"Decisão: A Turma julgou improcedente a ação penal, absolvendo o réu (art. 386, inc. V, CPP), nos termos do voto do Relator. Unânime. Falou o Dr. José de Almeida Júnior, pelo réu. Ausente, justificadamente, o Senhor Ministro Luiz Fux. Presidência da Senhora Ministra Rosa Weber. 1ª Turma, 5.5.2015."
AP 555,ATR-001086,absolvido,2015-10-06,regra,civil,MARCO ANTÔNIO TEBALDI,assunto no STF: DIREITO PENAL | CRIMES PREVISTOS NA LEGISLAÇÃO EXTRAVAGANTE | CRIMES DE RESPONSABILIDADE,"Decisão: A Turma absolveu o réu da imputação, conforme o art. 386, inc. V, do Código de Processo Penal, nos termos do voto da Relatora. Unânime. Presidência da Senhora Ministra Rosa Weber. 1ª Turma, 6.10.2015."
AP 556,ATR-001086,condenado_tribunal_superior,2014-11-11,regra,civil,MARCO ANTÔNIO TEBALDI,assunto no STF: DIREITO PENAL | CRIMES PREVISTOS NA LEGISLAÇÃO EXTRAVAGANTE | CRIMES DE RESPONSABILIDADE (o julgamento também tratou de prescrição ou extinção da punibilidade de parte das imputações),"Decisão: A Turma, preliminarmente, por votação unânime, resolvendo questão de ordem submetida pelo Relator, indeferiu o pedido de suspensão do julgamento e, também por unanimidade, julgou procedente em parte a denúncia oferecida contra Marco Antonio Tebaldi para: a) absolver o réu da acusação da prá"
AP 558,ATR-002424,punibilidade_extinta,2015-05-25,regra,civil,LUIZ HENRIQUE DA SILVEIRA,"morte do agente (art. 107, I, CP)","(...) Ante o exposto, declaro extinta a punibilidade do acusado Luiz Henrique da Silveira, com fundamento no art. 107, I, do Código Penal, c/c o art. 62 do Código de Processo Penal."
AP 559,ATR-001099,absolvido,2014-08-26,regra,civil,JOÃO PAULO LIMA E SILVA,assunto no STF: DIREITO PENAL | CRIMES PREVISTOS NA LEGISLAÇÃO EXTRAVAGANTE | CRIMES DA LEI DE LICITAÇÕES,"Decisão: Por maioria de votos, a Turma julgou improcedente o pedido formulado na inicial com base no artigo 386, inciso III, do Código de Processo Penal, nos termos do voto do relator, vencido o Senhor Ministro Marco Aurélio, Presidente. Afirmou suspeição o Senhor Ministro Roberto Barroso. Primeira "
AP 596,ATR-000270,absolvido,2013-11-07,regra,civil,JOSE BENITO PRIANTE JUNIOR,assunto no STF: DIREITO PENAL | CRIMES PREVISTOS NA LEGISLAÇÃO EXTRAVAGANTE | CRIMES ELEITORAIS | DESOBEDIÊNCIA À DETERMINAÇÕES DA JUSTIÇA ELEITORAL,"Decisão: O Tribunal, por unanimidade e nos termos do voto do Relator, julgou improcedente a ação para absolver o réu com base no art. 386, III, do Código de Processo Penal. Votou o Ministro Ricardo Lewandowski, Vice-Presidente no exercício da Presidência. Ausentes, justificadamente, o Ministro Rober"
AP 609,ATR-001199,absolvido,2013-10-03,regra,civil,OZIEL ALVES DE OLIVEIRA,assunto no STF: DIREITO PENAL | CRIMES PREVISTOS NA LEGISLAÇÃO EXTRAVAGANTE | CRIMES ELEITORAIS,"Decisão: O Tribunal, por maioria, julgou improcedente a ação penal para absolver o réu com base no art. 386, III, do Código de Processo Penal, nos termos do voto do Relator, vencidos os Ministros Marco Aurélio, Celso de Mello e Joaquim Barbosa (Presidente), que julgavam procedente a ação penal para "
AP 611,ATR-000725,absolvido,2014-09-30,regra,civil,BERNARDO DE VASCONCELLOS MOREIRA,assunto no STF: DIREITO PENAL | CRIMES PREVISTOS NA LEGISLAÇÃO EXTRAVAGANTE | CRIMES CONTRA O MEIO AMBIENTE E O PATRIMÔNIO GENÉTICO,"Decisão: Por maioria de votos, a Turma rejeitou as preliminares, vencido o Senhor Ministro Marco Aurélio quanto à ilicitude da investigação promovida pelo Ministério Público. No mérito e, por maioria, julgou improcedente a acusação, prejudicados os agravos regimentais interpostos, nos termos do voto"
AP 612,ATR-001150,absolvido,2014-05-22,regra,curada,MARCO ANTÔNIO FELICIANO,assunto no STF: DIREITO PENAL | CRIMES CONTRA O PATRIMÔNIO | ESTELIONATO,"Decisão: O Tribunal, por unanimidade e nos termos do voto do Relator, julgou improcedente a ação e absolveu o réu com base no art. 386, V, do Código de Processo Penal. Ausentes, neste julgamento, os Ministros Joaquim Barbosa (Presidente), Celso de Mello, Dias Toffoli e Teori Zavascki. Presidiu o jul"
AP 618,ATR-001169,condenado_tribunal_superior,2016-12-13,regra,civil,WASHINGTON REIS DE OLIVEIRA,assunto no STF: DIREITO PENAL | CRIMES PREVISTOS NA LEGISLAÇÃO EXTRAVAGANTE | CRIMES CONTRA O MEIO AMBIENTE E O PATRIMÔNIO GENÉTICO,"Decisão: A Turma, preliminarmente, rejeitou as alegações de incompetência da Justiça Federal e de inépcia da denúncia. No mérito, por unanimidade, julgou parcialmente procedente a presente ação penal, nos termos do voto do Relator, vencido o Ministro Ricardo Lewandowski apenas quanto ao aumento da p"
AP 619,ATR-001159,absolvido,2014-11-18,regra,civil,VALMIR CARLOS DA ASSUNÇÃO,assunto no STF: DIREITO PENAL | CRIMES CONTRA O PATRIMÔNIO | DANO,"Decisão: A Turma, por votação unânime, julgou improcedente a denúncia, e, por consequência, absolveu o réu, nos moldes do artigo 386, VII, do Código de Processo Penal, nos termos do voto do Relator. Falou, pelo réu, o Dr. Aton Fon Filho. Ausente, justificadamente, o Senhor Ministro Gilmar Mendes. 2ª"
AP 633,ATR-001129,absolvido,2013-10-24,regra,civil,ALEXANDRE RUBIO ROSO,assunto no STF: DIREITO PENAL | CRIMES CONTRA A FÉ PÚBLICA | FALSIDADE IDEOLÓGICA,"Decisão: O Tribunal, por unanimidade e nos termos do voto do Relator, julgou improcedente a ação penal. Ausentes, justificadamente, o Ministro Celso de Mello, a Ministra Cármen Lúcia, em viagem oficial para participar do Programa del VI Observatorio Judicial Electoral e do Congresso Internacional de"
AP 644,ATR-000434,condenado_tribunal_superior,2018-02-27,regra,civil,NILTON BALBINO,assunto no STF: DIREITO PENAL | CRIMES PRATICADOS POR FUNCIONÁRIOS PÚBLICOS CONTRA A ADMINISTRAÇÃO EM GERAL | CORRUPÇÃO PASSIVA,"Decisão: A Turma, por votação unânime, julgou procedente em parte a denúncia oferecida contra NILTON BALBINO para condenar o réu pela prática do crime do art. 317, § 1º, do CP, por 21 vezes, na forma do art. 71 do CP, às penas de 6 (seis) anos e 10 (dez) meses e 6 (seis) dias de reclusão e, por maio"
AP 653,ATR-000187,prescrito,2015-09-02,regra,civil,JÁDER FONTENELLE BARBALHO,prescrição da pretensão punitiva,"(...) Posto isso, declaro extinta a punibilidade de Jader Fontenelle Barbalho, em decorrência da prescrição da pretensão punitiva, com base nos arts. 3º, II, da Lei 8.038/1990 e arts. 107, IV, 109, I, e 115, todos do Código Penal."
AP 676,ATR-000239,absolvido,2017-10-17,regra,civil,BENJAMIN GOMES MARANHÃO NETO,assunto no STF: DIREITO PENAL | CRIMES PREVISTOS NA LEGISLAÇÃO EXTRAVAGANTE | CRIMES DA LEI DE LICITAÇÕES,"Decisão: Por unanimidade, a Turma absolveu o réu, nos termos do voto da Relatora (art. 386, inc. VII, do Código de Processo Penal), sendo que o Ministro Alexandre de Moraes concluiu pela incidência do inc. V do citado artigo. Falaram: a Dra. Cláudia Sampaio Marques, Subprocuradora-Geral da República"
AP 678,ATR-001259,absolvido,2014-11-18,regra,civil,WEVERTON ROCHA MARQUES DE SOUSA,assunto no STF: DIREITO PENAL | CRIMES PRATICADOS POR FUNCIONÁRIOS PÚBLICOS CONTRA A ADMINISTRAÇÃO EM GERAL | PECULATO,"Decisão: A Turma julgou improcedente a ação penal, com a absolvição do réu fundamentada no art. 386, inc. VII, do Código de Processo Penal, nos termos do voto do relator. Unânime. Falaram: o Dr. Odim Brandão Ferreira, Subprocurador-Geral da República, pelo Ministério Público Federal; e a Dra. Fernan"
AP 679,ATR-000674,absolvido,2014-02-06,regra,civil,LUIZ LINDBERGH FARIAS FILHO,"assunto no STF: DIREITO PENAL | CRIMES PREVISTOS NA LEGISLAÇÃO EXTRAVAGANTE | RECUSA, RETARDAMENTO OU OMISSÃO DE DADOS TÉCNICOS INDISPENSÁVEIS À PROPOSITURA DE AÇÃO CIVIL PÚBLICA","Decisão: O Tribunal, por unanimidade, absolveu o réu nos termos do art. 386, III, do Código de Processo Penal, com ressalva da fundamentação do Ministro Dias Toffoli (Relator), que julgava improcedente a ação com base no art. 6º da Lei nº 8.038/1990. Votou o Presidente. Impedido o Ministro Roberto B"
AP 683,ATR-001259,absolvido,2016-08-09,regra,civil,WEVERTON ROCHA MARQUES DE SOUSA,assunto no STF: DIREITO PENAL | CRIMES PREVISTOS NA LEGISLAÇÃO EXTRAVAGANTE | CRIMES DA LEI DE LICITAÇÕES,"Decisão: A Turma, por votação unânime, rejeitou as preliminares de cerceamento de defesa e de inépcia da denúncia, e, no mérito, julgou improcedente o pedido, com a absolvição do réu, na forma do art. 386, II, em relação à inexigibilidade da contratação do IMAM, e na forma do art. 386, III, em relaç"
AP 694,ATR-000221,condenado_tribunal_superior,2017-05-02,regra,civil,PAULO FERNANDO FEIJÓ TORRES,assunto no STF: DIREITO PENAL | CRIMES PRATICADOS POR PARTICULAR CONTRA A ADMINISTRAÇÃO EM GERAL | CORRUPÇÃO ATIVA,"Decisão: Dando continuidade ao julgamento, a Turma, por maioria, assentou a interdição, vencido o Senhor Ministro Marco Aurélio, Presidente. Quanto à pena, por maioria, prevaleceu o voto da Relatora, vencido o Senhor Ministro Alexandre de Moraes, que majorava a pena em relação a cada qual dos crimes"
AP 695,ATR-000427,prescrito,2016-09-06,regra,civil,JOSUÉ BENGTSON,prescrição da pretensão punitiva (em relação a parte das imputações; ver decisão),"Decisão: Por maioria de votos, a Turma reconheceu a ocorrência da prescrição da pena em abstrato em relação aos crimes de associação criminosa e de lavagem de dinheiro e da prescrição da pena em concreto quanto ao crime de corrupção passiva, nos termos do voto da Relatora, vencido, em parte, o Senho"
AP 858,ATR-000326,absolvido,2014-08-26,regra,civil,EDUARDO COSENTINO DA CUNHA,assunto no STF: DIREITO PENAL | CRIMES CONTRA A FÉ PÚBLICA | USO DE DOCUMENTO FALSO,"Decisão: A Turma, por votação unânime, julgou improcedente a denúncia, com absolvição do acusado Eduardo Consentino da Cunha, por insuficiência de prova, nos termos do artigo 386, VI, do Código de Processo Penal, nos termos do voto do Relator. Falou, pelo Ministério Público Federal, a Drª Déborah Du"
AP 863,ATR-000756,condenado_tribunal_superior,2017-05-23,regra,civil,PAULO SALIM MALUF,assunto no STF: DIREITO PENAL | CRIMES PREVISTOS NA LEGISLAÇÃO EXTRAVAGANTE | CRIMES CONTRA O SISTEMA FINANCEIRO NACIONAL (o julgamento também tratou de prescrição ou extinção da punibilidade de parte das imputações),"Decisão: A Turma, por maioria, rejeitou a preliminar suscitada, vencido o Senhor Ministro Marco Aurélio, Revisor. Quanto à prescrição, também por maioria, a rejeitou, vencido o Revisor. No mais, impôs, de forma unânime, condenação ao réu à pena privativa da liberdade de 7 anos, 9 meses e 10 dias de "
AP 864,ATR-000431,punibilidade_extinta,2023-05-04,regra,civil,SILAS CÂMARA,cumprimento de acordo de não persecução penal,"(...) 15. Em conclusão, dado o cumprimento integral do Acordo de Não Persecução Penal, decreto a extinção da punibilidade do réu Silas Câmara, em relação aos fatos que lhe foram imputados nesta Ação Penal. 16. Intime-se a Procuradoria-Geral da República para que se manifeste quanto à destinação dos "
AP 869,ATR-001091,absolvido,2015-09-29,regra,civil,ARTHUR CÉSAR PEREIRA DE LIRA,assunto no STF: DIREITO PENAL | CRIMES CONTRA A LIBERDADE PESSOAL | AMEAÇA (o julgamento também tratou de prescrição ou extinção da punibilidade de parte das imputações),"Decisão: A Turma, preliminarmente, por votação unânime, declarou extinta a punibilidade do réu, por efeito de prescrição da pretensão punitiva do Estado em relação ao delito fundado no art. 147 do Código Penal. Prosseguindo no julgamento, a Turma, também por unanimidade, julgou improcedente a ação p"
AP 880,ATR-000972,absolvido,2017-09-19,regra,civil,SÉRGIO DE OLIVEIRA CUNHA,assunto no STF: DIREITO PENAL | CRIMES PREVISTOS NA LEGISLAÇÃO EXTRAVAGANTE | CRIMES ELEITORAIS,"Decisão: A Turma absolveu o réu, nos termos do voto do Relator. Unânime. Registrada a presença da Dra. Danyelle da Silva Galvão, advogada do réu. Presidência do Ministro Marco Aurélio. Primeira Turma, 19.9.2017."
AP 883,ATR-000007,absolvido,2018-03-20,regra,civil,IZALCI LUCAS FERREIRA,assunto no STF: DIREITO PENAL,"Decisão: A Turma, por unanimidade, julgou improcedente a ação penal para absolver o réu da prática do crime previsto no art. 350 do Código Eleitoral, nos termos do voto do Relator. Falaram: o Dr. Juliano Baiocchi Villa-Verde de Carvalho, Subprocurador-Geral da República, pelo Ministério Público Fede"
AP 892,ATR-000885,condenado_tribunal_superior,2019-02-26,regra,civil,JACOB ALFREDO STOFFELS KAEFER,assunto no STF: DIREITO PENAL | CRIMES PREVISTOS NA LEGISLAÇÃO EXTRAVAGANTE | CRIMES CONTRA O SISTEMA FINANCEIRO NACIONAL,"Decisão: A Turma, por maioria, reconheceu a competência do Supremo Tribunal Federal para o julgamento do caso, vencido o Ministro Marco Aurélio. No mérito, por unanimidade, julgou procedente a Ação Penal e condenou o Réu à pena de quatro anos e seis meses de reclusão, além de duzentos dias-multa. Po"
AP 896,ATR-000570,absolvido,2018-10-09,regra,civil,PAULO SÉRGIO PARANHOS DE MAGALHÃES,assunto no STF: DIREITO PENAL | CRIMES PREVISTOS NA LEGISLAÇÃO EXTRAVAGANTE | CRIMES ELEITORAIS | FALSO ELEITORAL,"Decisão: A Turma, por unanimidade, julgou improcedente a ação penal para absolver o Réu da prática dos crimes imputados na denúncia, com base no artigo 386, inciso III, do Código de Processo Penal, nos termos do voto da Relatora. Registrada a presença do Dr. Rodrigo Otávio Barbosa de Alencastro, adv"
AP 898,ATR-000844,absolvido,2016-04-12,regra,civil,DÉCIO NERY DE LIMA,assunto no STF: DIREITO ADMINISTRATIVO E OUTRAS MATÉRIAS DE DIREITO PÚBLICO | ATOS ADMINISTRATIVOS | IMPROBIDADE ADMINISTRATIVA,"Decisão: A Turma, por votação unânime, negou provimento ao recurso de agravo e, em consequência, rejeitou a preliminar arguida. Prosseguindo no julgamento, e também por unanimidade, a Turma julgou improcedente a ação penal para absolver o réu com fundamento no art. 386, inciso V, do Código de Proces"
AP 901,ATR-000187,prescrito,2015-05-07,regra,civil,JADER FONTENELLE BARBALHO,prescrição da pretensão punitiva,PELA PRESCRIÇÃO ETÁRIA. Publique-se. Int.
AP 908,ATR-000017,absolvido,2016-11-08,regra,civil,FAUSTO RUY PINATO,assunto no STF: DIREITO PENAL | CRIMES CONTRA A ADMINISTRAÇÃO DA JUSTIÇA | DENUNCIAÇÃO CALUNIOSA,"Decisão: A Turma absolveu o réu por falta de provas (art. 386, inc. VII, do CPP), nos termos do voto do Relator. Unânime. Presidência do Senhor Ministro Luís Roberto Barroso. 1ª Turma, 8.11.2016."
AP 916,ATR-001473,condenado_tribunal_superior,2016-05-17,regra,civil,ANTÔNIO ROBERTO RODRIGUES GÓES DA SILVA,assunto no STF: DIREITO PENAL | CRIMES PRATICADOS POR FUNCIONÁRIOS PÚBLICOS CONTRA A ADMINISTRAÇÃO EM GERAL | PECULATO,"Decisão: Por maioria de votos, a Turma julgou procedente a ação penal, nos termos do voto do Relator, vencidos, em parte, os Senhores Ministros Luiz Fux e Marco Aurélio. Falaram: o Dr. Fábio Tofic Simantob, pelo Assistente de Acusação, e o Dr. Luís Henrique Alves Sobreira Machado, pelo Réu. Presidên"
AP 916,ATR-001473,prescrito,2022-08-10,regra,civil,ANTÔNIO ROBERTO RODRIGUES GÓES DA SILVA,prescrição da pretensão punitiva,"""(...) Diante do exposto, nos termos do art. 109, V, do Código Penal, DECLARO A PRESCRIÇÃO DA PRETENSÃO PUNITIVA ESTATAL, considerando o transcuro de mais de 4 (quatro) anos entre a publicação do acórdão condenatório e a data desta decisão e, nos termos do art. 107, IV, do Código Penal, DECLARO EXTI"
AP 917,ATR-000842,absolvido,2016-06-07,regra,civil,DAGOBERTO NOGUEIRA FILHO,assunto no STF: DIREITO PENAL | CRIMES PREVISTOS NA LEGISLAÇÃO EXTRAVAGANTE | CRIMES CONTRA O SISTEMA FINANCEIRO NACIONAL,"Decisão: A Turma, por votação unânime, julgou improcedente a ação penal, com a absolvição do réu, nos termos do voto da Relatora. Presente à sessão, pelo réu, o Dr. André Luiz Borges Netto. Ausente, justificadamente, o Senhor Ministro Celso de Mello. Presidência do Senhor Ministro Gilmar Mendes. 2ª "
AP 921,ATR-001474,absolvido,2017-06-20,regra,civil,GIOVANI BATISTA FELTES,assunto no STF: DIREITO PENAL | CRIMES PREVISTOS NA LEGISLAÇÃO EXTRAVAGANTE | CRIMES DE RESPONSABILIDADE,"Decisão: A Turma julgou improcedente a ação penal, nos termos do voto do Relator. Unânime. Presidência do Senhor Ministro Marco Aurélio. Primeira Turma, 20.6.2017."
AP 924,ATR-001473,absolvido,2017-08-08,regra,civil,ANTÔNIO ROBERTO RODRIGUES GÓES DA SILVA,assunto no STF: DIREITO PENAL | CRIMES PRATICADOS POR FUNCIONÁRIOS PÚBLICOS CONTRA A ADMINISTRAÇÃO EM GERAL | PECULATO,"Decisão: A Turma, por votação unânime, julgou improcedente a ação penal, com absolvição do réu, nos termos do voto do Relator. Presente à sessão, em favor do réu, o Dr. Luis Henrique Alves Sobreira Machado. Presidência do Ministro Edson Fachin. 2ª Turma, 8.8.2017."
AP 931,ATR-001321,absolvido,2017-06-06,regra,civil,MARX BELTRÃO LIMA SIQUEIRA,assunto no STF: DIREITO PENAL | CRIMES CONTRA A FÉ PÚBLICA | FALSIDADE IDEOLÓGICA,"Decisão: A Turma absolveu o acusado (art. 386, inc. III, do Código de Processo Penal), nos termos do voto do Relator. Unânime. Registrada a presença do Dr. Anderson Fonseca Machado. Não participou, justificadamente, deste julgamento, o Senhor Ministro Luiz Fux. Presidência do Senhor Ministro Marco A"
AP 932,ATR-002521,absolvido,2016-02-16,regra,civil,TELMARIO MOTA DE OLIVEIRA,assunto no STF: DIREITO PENAL | CRIMES CONTRA A PAZ PÚBLICA | QUADRILHA OU BANDO (o julgamento também tratou de prescrição ou extinção da punibilidade de parte das imputações),"Decisão: A Turma julgou improcedente a acusação, decretando a prescrição quanto aos crimes de maus-tratos de animais e apologia do crime e absolvendo o réu em relação ao crime de quadrilha, nos termos do voto do Relator. Unânime. Presidência do Senhor Ministro Luís Roberto Barroso. 1ª Turma, 16.2.20"
AP 935,ATR-002295,condenado_tribunal_superior,2018-02-27,regra,civil,ACIR MARCOS GURGACZ,assunto no STF: DIREITO PENAL | CRIMES PREVISTOS NA LEGISLAÇÃO EXTRAVAGANTE | CRIMES CONTRA O SISTEMA FINANCEIRO NACIONAL (o julgamento também tratou de prescrição ou extinção da punibilidade de parte das imputações),"Decisão: A Turma, por unanimidade, rejeitou a preliminar de inépcia da denúncia e, também, por unanimidade, julgou parcialmente procedente a ação penal para condenar o Réu como incurso no art. 20 da Lei 7.492/86, fixando, por maioria, a pena em 4 anos e 6 meses de reclusão, em regime semiaberto, e 2"
AP 940,ATR-000848,absolvido,2022-04-04,regra,civil,ÉDIO VIEIRA LOPES,assunto no STF: DIREITO PENAL | CRIMES PREVISTOS NA LEGISLAÇÃO EXTRAVAGANTE | CRIMES ELEITORAIS,"Decisão: O Tribunal, por unanimidade, julgou improcedente a ação penal, com a absolvição do réu Édio Vieira Lopes das acusações de peculato - art. 312, caput, do Código Penal -, com base no art. 386, III, V e VII, do CPP, nos termos do voto do Relator. Plenário, Sessão Virtual de 25.3.2022 a 1.4.202"
AP 943,ATR-002484,absolvido,2017-05-02,regra,civil,DÁRIO ELIAS BERGER,assunto no STF: DIREITO PENAL | CRIMES PREVISTOS NA LEGISLAÇÃO EXTRAVAGANTE | CRIMES DE RESPONSABILIDADE,"Decisão: A Turma assentou a absolvição do Réu, nos termos do voto do Relator. Unânime. Presidência do Senhor Ministro Marco Aurélio. Primeira Turma, 2.5.2017."
AP 946,ATR-001188,condenado_tribunal_superior,2016-08-30,regra,civil,MARIA AUXILIADORA SEABRA REZENDE,assunto no STF: DIREITO PENAL | CRIMES PREVISTOS NA LEGISLAÇÃO EXTRAVAGANTE | CRIMES DA LEI DE LICITAÇÕES (o julgamento também tratou de prescrição ou extinção da punibilidade de parte das imputações),"Decisão: A Turma, por maioria de votos, julgou procedente a acusação no tocante ao crime do art. 89 da Lei 8.666/93, fixando a pena em 5 anos e 4 meses e 100 dias-multa à razão de R$ 300,00. No tocante ao crime do art. 312 do Código Penal, julgou procedente o pedido e fixou a pena em 4 anos e 4 mese"
AP 958,ATR-000434,absolvido,2018-02-27,regra,civil,NILTON BALBINO,assunto no STF: DIREITO PENAL | CRIMES PREVISTOS NA LEGISLAÇÃO EXTRAVAGANTE | CRIMES DA LEI DE LICITAÇÕES,"Decisão: A Turma, por votação unânime, julgou improcedente a denúncia e absolveu NILTON BALBINO da acusação da prática do crime do art. 1º, I, do Decreto-Lei 201/67, na forma do art. 386, II, do CPP, tudo nos termos do voto do Relator. Falaram: pelo Ministério Público Federal, o Dr. Paulo Gustavo Go"
AP 959,ATR-000496,prescrito,2016-01-29,regra,civil,JOÃO CASTELO RIBEIRO GONÇALVES,prescrição da pretensão punitiva,"Pelo exposto, acolhendo o parecer do Ministério Público, reconheço a prescrição da pretensão punitiva e declaro extinta a punibilidade quanto aos fatos imputados ao réu João Castelo Ribeiro Gonçalves, com fundamento nos arts. 107, inc. IV, 109, inc. V, e 115 do Código Penal, além do art. 3º, inc. II"
AP 960,ATR-001324,absolvido,2017-06-13,regra,civil,ALFREDO PEREIRA DO NASCIMENTO,assunto no STF: DIREITO ELEITORAL | CRIMES ELEITORAIS | CRIMES CONTRA A FÉ PÚBLICA ELEITORAL |FALSIDADE IDEOLÓGICA,"Decisão: A Turma absolveu o Réu (artigo 386, inciso III, do Código de Processo Penal), nos termos do voto do Relator. Unânime. Registrada a presença do Dr. Eustáquio Nunes Silveira. Presidência do Senhor Ministro Marco Aurélio. Primeira Turma, 13.6.2017."
AP 962,ATR-001188,absolvido,2019-06-04,regra,civil,MARIA AUXILIADORA SEABRA REZENDE,assunto no STF: DIREITO PENAL | CRIMES PRATICADOS POR FUNCIONÁRIOS PÚBLICOS CONTRA A ADMINISTRAÇÃO EM GERAL | PECULATO,"Decisão: A Turma, por maioria, julgou improcedente a denúncia, quanto ao art. 89 da Lei 8.666/93, por não constituir o fato imputado à Ré infração penal (art. 386, III, do Código de Processo Penal); e quanto ao art. 312 do Código Penal, por não haver prova da existência do fato delitivo (art. 386, I"
AP 965,ATR-000949,condenado_tribunal_superior,2020-06-08,regra,civil,PAULO PEREIRA DA SILVA,assunto no STF: DIREITO PENAL | CRIMES PREVISTOS NA LEGISLAÇÃO EXTRAVAGANTE | CRIMES CONTRA O SISTEMA FINANCEIRO NACIONAL,"Decisão: A Turma, por maioria, julgou parcialmente procedente a Ação Penal, nos termos do voto do Ministro Luís Roberto Barroso, Redator para o acórdão, que abriu a divergência, para condenar o réu:(I) quanto ao delito previsto no art. 20 da Lei n° 7.492/1986, à pena definitiva em 3 (três) anos de r"
AP 967,ATR-001386,absolvido,2016-12-13,regra,civil,EDER MAURO CARDOSO BARRA,assunto no STF: DIREITO PENAL | CRIMES CONTRA A LIBERDADE PESSOAL | AMEAÇA,"Decisão: A Turma, por votação unânime, julgou improcedente a ação penal, nos termos do voto do Relator. Presidência do Senhor Ministro Gilmar Mendes. 2ª Turma, 13.12.2016."
AP 976,ATR-001392,absolvido,2020-02-18,regra,civil,ADALBERTO CAVALCANTI RODRIGUES,assunto no STF: DIREITO PENAL | CRIMES PRATICADOS POR FUNCIONÁRIOS PÚBLICOS CONTRA A ADMINISTRAÇÃO EM GERAL | EMPREGO IRREGULAR DE VERBAS OU RENDAS PÚBLICAS,"Decisão: A Turma, por maioria, rejeitou a preliminar de incompetência suscitada, nos termos do voto do Ministro Luís Roberto Barroso, Relator, vencido o Ministro Marco Aurélio. No mérito, por unanimidade, julgou improcedente a pretensão punitiva estatal, absolvendo o réu do crime do art. 1º, II, do "
AP 984,ATR-001473,condenado_tribunal_superior,2019-06-11,regra,civil,ANTÔNIO ROBERTO RODRIGUES GÓES DA SILVA,assunto no STF: DIREITO PENAL | CRIMES PREVISTOS NA LEGISLAÇÃO EXTRAVAGANTE | CRIMES DE RESPONSABILIDADE (o julgamento também tratou de prescrição ou extinção da punibilidade de parte das imputações),"Decisão: Por maioria, a Turma rejeitou a preliminar de incompetência suscitada, nos termos do voto do Ministro Luís Roberto Barroso, Relator, vencido o Ministro Marco Aurélio. No mérito, por maioria de votos, julgou procedente a pretensão punitiva estatal para condenar o Réu nas penas cominadas no i"
AP 987,ATR-001374,absolvido,2018-09-25,regra,civil,NEWTON CARDOSO JÚNIOR,assunto no STF: DIREITO PENAL | CRIMES CONTRA A FÉ PÚBLICA | FALSIDADE IDEOLÓGICA (o julgamento também tratou de prescrição ou extinção da punibilidade de parte das imputações),"Decisão: A Turma, por votação unânime, declarou extinta a punibilidade em relação ao crime previsto no art. 46 da Lei 9.605/1998, nos termos dos arts. 107, IV, 114, II e 117, I, do CP e, em face de ausência de provas aptas produzidas pelo Ministério Público, julgou improcedente a ação penal para abs"
