data_acesso,arquivo,url_base,n_requisicoes,bytes,sha256
2026-09-28,data/raw/camara_orientacoes/2026-09-28/votacoes-2003.csv,https://dadosabertos.camara.leg.br/arquivos/votacoes/csv/votacoes-2003.csv,1,4889165,df6430b307759bf3ce2069db511ca18f79e65b5d6fb2b84d8079bd63b84f4ddf
2026-09-28,data/raw/camara_orientacoes/2026-09-28/votacoesOrientacoes-2003.csv,https://dadosabertos.camara.leg.br/arquivos/votacoesOrientacoes/csv/votacoesOrientacoes-2003.csv,1,92746,884a2ed246bc2851ccf2c10ec41736b78fe7e414b52c752f3cc602f36f8d7e67
2026-09-28,data/raw/camara_orientacoes/2026-09-28/votacoes-2004.csv,https://dadosabertos.camara.leg.br/arquivos/votacoes/csv/votacoes-2004.csv,1,3540741,2020b06de8f2a6f8a0e9e33d7997a19d8f2b946b9b2f056dc546eafce9047f1b
2026-09-28,data/raw/camara_orientacoes/2026-09-28/votacoesOrientacoes-2004.csv,https://dadosabertos.camara.leg.br/arquivos/votacoesOrientacoes/csv/votacoesOrientacoes-2004.csv,1,273328,bb70c9bb3be479c24b054f5556568f359e662e16ef1d273d0d8c5f4f7047cc16
2026-09-28,data/raw/camara_orientacoes/2026-09-28/votacoes-2005.csv,https://dadosabertos.camara.leg.br/arquivos/votacoes/csv/votacoes-2005.csv,1,3772017,265e5acfd6bc1f7f66adedfe87d974d9ab69738cd35308b65b1d77046cd1a95a
2026-09-28,data/raw/camara_orientacoes/2026-09-28/votacoesOrientacoes-2005.csv,https://dadosabertos.camara.leg.br/arquivos/votacoesOrientacoes/csv/votacoesOrientacoes-2005.csv,1,203248,c7b093ad59e2007d687ebdd28bf6dbf0ad6b0f9f627025bd85eeb4bf8ba3c9a5
2026-09-28,data/raw/camara_orientacoes/2026-09-28/votacoes-2006.csv,https://dadosabertos.camara.leg.br/arquivos/votacoes/csv/votacoes-2006.csv,1,2778274,02ce45c3db9ff5ff61f11f36036a924c5448eec87a04006e4f54f8802b8f1c23
2026-09-28,data/raw/camara_orientacoes/2026-09-28/votacoesOrientacoes-2006.csv,https://dadosabertos.camara.leg.br/arquivos/votacoesOrientacoes/csv/votacoesOrientacoes-2006.csv,1,244433,5a35bc15a284bda5d5a87c0dd54c593eb5edb51053a0bd89838e5281101933d7
2026-09-28,data/raw/camara_orientacoes/2026-09-28/votacoes-2007.csv,https://dadosabertos.camara.leg.br/arquivos/votacoes/csv/votacoes-2007.csv,1,4781937,5e69588d27695229525ccc660855199e6f4f86ed6743072a4feb78fee44f0409
2026-09-28,data/raw/camara_orientacoes/2026-09-28/votacoesOrientacoes-2007.csv,https://dadosabertos.camara.leg.br/arquivos/votacoesOrientacoes/csv/votacoesOrientacoes-2007.csv,1,323481,9a885e732ebfb3be5f89c4fc0b40fbc2ed375f9fc3fcae77eb88c03d9b3c0365
2026-09-28,data/raw/camara_orientacoes/2026-09-28/votacoes-2008.csv,https://dadosabertos.camara.leg.br/arquivos/votacoes/csv/votacoes-2008.csv,1,4236617,32cccd65c881b7be821ac089e6f59cc5471ffd54952127fee370f9e786b54348
2026-09-28,data/raw/camara_orientacoes/2026-09-28/votacoesOrientacoes-2008.csv,https://dadosabertos.camara.leg.br/arquivos/votacoesOrientacoes/csv/votacoesOrientacoes-2008.csv,1,326760,9d6afc8e82ad06c37c6d3e020184047f02c3d73e70f45734953a01df4b366162
2026-09-28,data/raw/camara_orientacoes/2026-09-28/votacoes-2009.csv,https://dadosabertos.camara.leg.br/arquivos/votacoes/csv/votacoes-2009.csv,1,5281513,437fdbfc14e215dd0cf84160dfede1aaacedad8e6fa43302bd2f734d34602b84
2026-09-28,data/raw/camara_orientacoes/2026-09-28/votacoesOrientacoes-2009.csv,https://dadosabertos.camara.leg.br/arquivos/votacoesOrientacoes/csv/votacoesOrientacoes-2009.csv,1,443204,9efe7b10f565793e6480feb45757e36e77a454459ce770b88316de6c8582b6b5
2026-09-28,data/raw/camara_orientacoes/2026-09-28/votacoes-2010.csv,https://dadosabertos.camara.leg.br/arquivos/votacoes/csv/votacoes-2010.csv,1,3211507,86425f0c35359f0c8d2bc6b5479bd30b3175585f811c6c270cca006dca941187
2026-09-28,data/raw/camara_orientacoes/2026-09-28/votacoesOrientacoes-2010.csv,https://dadosabertos.camara.leg.br/arquivos/votacoesOrientacoes/csv/votacoesOrientacoes-2010.csv,1,247854,08f4b8cdd9597e2db0d3fc50ffb9ae88d23d4dfa55e659da6d4aafc0813414f5
2026-09-28,data/raw/camara_orientacoes/2026-09-28/votacoes-2011.csv,https://dadosabertos.camara.leg.br/arquivos/votacoes/csv/votacoes-2011.csv,1,3927271,3991915a947237f4c4cf1d55d1fb97181dbf63046e7947ec48a32bacbf96b504
2026-09-28,data/raw/camara_orientacoes/2026-09-28/votacoesOrientacoes-2011.csv,https://dadosabertos.camara.leg.br/arquivos/votacoesOrientacoes/csv/votacoesOrientacoes-2011.csv,1,296937,a5cbe365f93e0836f36e6f45dfe78cdfddc3cbc627ffb88c3576ae5713e94b9e
2026-09-28,data/raw/camara_orientacoes/2026-09-28/votacoes-2012.csv,https://dadosabertos.camara.leg.br/arquivos/votacoes/csv/votacoes-2012.csv,1,3442268,2d532841a9be38dcbdae31e908f1d6083a8401fdf2f05ef0f9e99b08d3def691
2026-09-28,data/raw/camara_orientacoes/2026-09-28/votacoesOrientacoes-2012.csv,https://dadosabertos.camara.leg.br/arquivos/votacoesOrientacoes/csv/votacoesOrientacoes-2012.csv,1,264546,87579db9d34e12baab4204a486fa390b7299a54045feee884e24e86571388207
2026-09-28,data/raw/camara_orientacoes/2026-09-28/votacoes-2013.csv,https://dadosabertos.camara.leg.br/arquivos/votacoes/csv/votacoes-2013.csv,1,4590227,3601568c49ea6e14038c3cd8013bd8372105cfda6093743a5cd5f0bb9833c457
2026-09-28,data/raw/camara_orientacoes/2026-09-28/votacoesOrientacoes-2013.csv,https://dadosabertos.camara.leg.br/arquivos/votacoesOrientacoes/csv/votacoesOrientacoes-2013.csv,1,594923,e35484d8f81ae0d067667f88827937699f00dac0d0d39f8a5d06ce0da952c6cc
2026-09-28,data/raw/camara_orientacoes/2026-09-28/votacoes-2014.csv,https://dadosabertos.camara.leg.br/arquivos/votacoes/csv/votacoes-2014.csv,1,2305081,6314969d1058931cc2d3db0ade6ddca37f21bd3b2ac0b142f1efde6e2503776a
2026-09-28,data/raw/camara_orientacoes/2026-09-28/votacoesOrientacoes-2014.csv,https://dadosabertos.camara.leg.br/arquivos/votacoesOrientacoes/csv/votacoesOrientacoes-2014.csv,1,360718,8183423aedf631489c500cfd38f63eff19f51dc552c5a273a30829a853f5b033
2026-09-28,data/raw/camara_orientacoes/2026-09-28/votacoes-2015.csv,https://dadosabertos.camara.leg.br/arquivos/votacoes/csv/votacoes-2015.csv,1,6674562,70557390ce4c6a4bced45dd7a04c037ff432f11a0a67b558027b179904a25a7f
2026-09-28,data/raw/camara_orientacoes/2026-09-28/votacoesOrientacoes-2015.csv,https://dadosabertos.camara.leg.br/arquivos/votacoesOrientacoes/csv/votacoesOrientacoes-2015.csv,1,1298933,3467380623165e004c7571c508e7b4f9466ea640e1ee854311b1790975fb015e
2026-09-28,data/raw/camara_orientacoes/2026-09-28/votacoes-2016.csv,https://dadosabertos.camara.leg.br/arquivos/votacoes/csv/votacoes-2016.csv,1,3788821,90cb45f3ae4cc43244433901658c53c3c0f1dab03307397c31215b64ada4df1e
2026-09-28,data/raw/camara_orientacoes/2026-09-28/votacoesOrientacoes-2016.csv,https://dadosabertos.camara.leg.br/arquivos/votacoesOrientacoes/csv/votacoesOrientacoes-2016.csv,1,1245308,a2f86274e5dcffbac5392a3d48932559de59949985a7ac8854cb9f6272bed399
2026-09-28,data/raw/camara_orientacoes/2026-09-28/votacoes-2017.csv,https://dadosabertos.camara.leg.br/arquivos/votacoes/csv/votacoes-2017.csv,1,4899719,0adcd6d7ff5a0ccff78f01ada0dd3749b9ca6fbbf4af6070ae3e7eb142f48630
2026-09-28,data/raw/camara_orientacoes/2026-09-28/votacoesOrientacoes-2017.csv,https://dadosabertos.camara.leg.br/arquivos/votacoesOrientacoes/csv/votacoesOrientacoes-2017.csv,1,1222948,1350c11960f4c58a49432d6777f42fde33b7dc9ed212c0e941fc22844a005dbc
2026-09-28,data/raw/camara_orientacoes/2026-09-28/votacoes-2018.csv,https://dadosabertos.camara.leg.br/arquivos/votacoes/csv/votacoes-2018.csv,1,2498791,bd5e8c9474fdc819ee053486fe59ae4f61cb787650e73a8b352374ca9a8d3130
2026-09-28,data/raw/camara_orientacoes/2026-09-28/votacoesOrientacoes-2018.csv,https://dadosabertos.camara.leg.br/arquivos/votacoesOrientacoes/csv/votacoesOrientacoes-2018.csv,1,729109,5a3c3d5103c0b83fbc01c2d9f29857a77f3030ffb420fb0b6a491d260305b692
2026-09-28,data/raw/camara_orientacoes/2026-09-28/votacoes-2019.csv,https://dadosabertos.camara.leg.br/arquivos/votacoes/csv/votacoes-2019.csv,1,5821816,fbcce9b09292cc08a1c87fcc33adc37fedd81103192045b9947ed7385fe9a5de
2026-09-28,data/raw/camara_orientacoes/2026-09-28/votacoesOrientacoes-2019.csv,https://dadosabertos.camara.leg.br/arquivos/votacoesOrientacoes/csv/votacoesOrientacoes-2019.csv,1,1701827,b235b9dbc8f6ccc614286b821aa4b37ee4f884b1271e22fcdd50a0cba924917a
2026-09-28,data/raw/camara_orientacoes/2026-09-28/votacoes-2020.csv,https://dadosabertos.camara.leg.br/arquivos/votacoes/csv/votacoes-2020.csv,1,1251121,400fcca14e325a6051eb3d916993b11261eb395dd1419f6ae26f74f4bcc27508
2026-09-28,data/raw/camara_orientacoes/2026-09-28/votacoesOrientacoes-2020.csv,https://dadosabertos.camara.leg.br/arquivos/votacoesOrientacoes/csv/votacoesOrientacoes-2020.csv,1,2203269,0201c381fa322008b6d676a838b538acb921df487b8edb5729abd9ce317d825d
2026-09-28,data/raw/camara_orientacoes/2026-09-28/votacoes-2021.csv,https://dadosabertos.camara.leg.br/arquivos/votacoes/csv/votacoes-2021.csv,1,6439655,7748f7b3ac845c7106c62cd1ad8dfcd0516592d0c384e672d6d5a73c4164e2a1
2026-09-28,data/raw/camara_orientacoes/2026-09-28/votacoesOrientacoes-2021.csv,https://dadosabertos.camara.leg.br/arquivos/votacoesOrientacoes/csv/votacoesOrientacoes-2021.csv,1,5484729,30b8c575168bdc3a969f00d15867810cd7feb424500c6c28b7bbd56d0b61c552
2026-09-28,data/raw/camara_orientacoes/2026-09-28/votacoes-2022.csv,https://dadosabertos.camara.leg.br/arquivos/votacoes/csv/votacoes-2022.csv,1,3658359,7133cd485e3dee85088682cf87dc11637bd6cddda08c4ac9359d5f9c99ddb913
2026-09-28,data/raw/camara_orientacoes/2026-09-28/votacoesOrientacoes-2022.csv,https://dadosabertos.camara.leg.br/arquivos/votacoesOrientacoes/csv/votacoesOrientacoes-2022.csv,1,3395543,1007825e8ccc4be83baed7ac47b45d0092a3e2df5e3149225ad469aa316481bb
2026-09-28,data/raw/camara_orientacoes/2026-09-28/votacoes-2023.csv,https://dadosabertos.camara.leg.br/arquivos/votacoes/csv/votacoes-2023.csv,1,6706644,be71fa54a58757bd76f7eeb9c8fc3e76fc06dfd9bb3429c7fb485ba1d6b3ab96
2026-09-28,data/raw/camara_orientacoes/2026-09-28/votacoesOrientacoes-2023.csv,https://dadosabertos.camara.leg.br/arquivos/votacoesOrientacoes/csv/votacoesOrientacoes-2023.csv,1,1052068,dff0e5c79e7c9ef18b853ac3870dcb72968711ffd01fa97804b11c49708dc041
2026-09-28,data/raw/camara_orientacoes/2026-09-28/votacoes-2024.csv,https://dadosabertos.camara.leg.br/arquivos/votacoes/csv/votacoes-2024.csv,1,6270723,27a95b64057eb75624e59fc68a179097fb4d433b6cb265ff84ced88dc1ebd5ba
2026-09-28,data/raw/camara_orientacoes/2026-09-28/votacoesOrientacoes-2024.csv,https://dadosabertos.camara.leg.br/arquivos/votacoesOrientacoes/csv/votacoesOrientacoes-2024.csv,1,1023616,10ea98903a94f44e9c67d9cdb0cf10e72073a083f7b4fe7f4c6ecd99feba58d0
2026-09-28,data/raw/camara_orientacoes/2026-09-28/votacoes-2025.csv,https://dadosabertos.camara.leg.br/arquivos/votacoes/csv/votacoes-2025.csv,1,8765235,52e571531b9fb1918811a6cee7d9c63983383bc453d48311983e9f6b26ee16f9
2026-09-28,data/raw/camara_orientacoes/2026-09-28/votacoesOrientacoes-2025.csv,https://dadosabertos.camara.leg.br/arquivos/votacoesOrientacoes/csv/votacoesOrientacoes-2025.csv,1,1095383,75eae7028c521db02037f55fedf1abb1908df193149638fb4201e84d54ba9552
2026-09-28,data/raw/camara_orientacoes/2026-09-28/votacoes-2026.csv,https://dadosabertos.camara.leg.br/arquivos/votacoes/csv/votacoes-2026.csv,1,4492577,b2d69ac6e25478da5147d6c0d4ac8eee2ad216a5d16258e12f3218b690a1adc2
2026-09-28,data/raw/camara_orientacoes/2026-09-28/votacoesOrientacoes-2026.csv,https://dadosabertos.camara.leg.br/arquivos/votacoesOrientacoes/csv/votacoesOrientacoes-2026.csv,1,434168,03ae2cab18ad647b2a18e959e04c1ead45bff918c1f18adeb0a7422a7c1fcba3
