id_status,id_ator,id_processo,data,status,tipificacao,id_fonte
STA-000001,ATR-000642,PRC-002186,2007-11-12,reu,,FNT-000233
STA-000002,ATR-000075,PRC-002186,2007-11-12,reu,,FNT-000233
STA-000003,ATR-002791,PRC-002186,2007-11-12,reu,,FNT-000233
STA-000004,ATR-002792,PRC-002186,2007-11-12,reu,,FNT-000233
STA-000005,ATR-002793,PRC-002186,2007-11-12,reu,,FNT-000233
STA-000006,ATR-002794,PRC-002186,2007-11-12,reu,,FNT-000233
STA-000007,ATR-002795,PRC-002186,2007-11-12,reu,,FNT-000233
STA-000008,ATR-002796,PRC-002186,2007-11-12,reu,,FNT-000233
STA-000009,ATR-002797,PRC-002186,2007-11-12,reu,,FNT-000233
STA-000010,ATR-002798,PRC-002186,2007-11-12,reu,,FNT-000233
STA-000011,ATR-002799,PRC-002186,2007-11-12,reu,,FNT-000233
STA-000012,ATR-002800,PRC-002186,2007-11-12,reu,,FNT-000233
STA-000013,ATR-002801,PRC-002186,2007-11-12,reu,,FNT-000233
STA-000014,ATR-002802,PRC-002186,2007-11-12,reu,,FNT-000233
STA-000015,ATR-000072,PRC-002186,2007-11-12,reu,,FNT-000233
STA-000016,ATR-002803,PRC-002186,2007-11-12,reu,,FNT-000233
STA-000017,ATR-000488,PRC-002186,2007-11-12,reu,,FNT-000233
STA-000018,ATR-000143,PRC-002186,2007-11-12,reu,,FNT-000233
STA-000019,ATR-002804,PRC-002186,2007-11-12,reu,,FNT-000233
STA-000020,ATR-002805,PRC-002186,2007-11-12,reu,,FNT-000233
STA-000021,ATR-002806,PRC-002186,2007-11-12,reu,,FNT-000233
STA-000022,ATR-002807,PRC-002186,2007-11-12,reu,,FNT-000233
STA-000023,ATR-000090,PRC-002186,2007-11-12,reu,,FNT-000233
STA-000024,ATR-002808,PRC-002186,2007-11-12,reu,,FNT-000233
STA-000025,ATR-002809,PRC-002186,2007-11-12,reu,,FNT-000233
STA-000026,ATR-000603,PRC-002186,2007-11-12,reu,,FNT-000233
STA-000027,ATR-000027,PRC-002186,2007-11-12,reu,,FNT-000233
STA-000028,ATR-002810,PRC-002186,2007-11-12,reu,,FNT-000233
STA-000029,ATR-000581,PRC-002186,2007-11-12,reu,,FNT-000233
STA-000030,ATR-000142,PRC-002186,2007-11-12,reu,,FNT-000233
STA-000031,ATR-000272,PRC-002186,2007-11-12,reu,,FNT-000233
STA-000032,ATR-002811,PRC-002186,2007-11-12,reu,,FNT-000233
STA-000033,ATR-000649,PRC-002186,2007-11-12,reu,,FNT-000233
STA-000034,ATR-000094,PRC-002186,2007-11-12,reu,,FNT-000233
STA-000035,ATR-000299,PRC-002186,2007-11-12,reu,,FNT-000233
STA-000036,ATR-002812,PRC-002186,2007-11-12,reu,,FNT-000233
STA-000037,ATR-002813,PRC-002186,2007-11-12,reu,,FNT-000233
STA-000038,ATR-002814,PRC-002186,2007-11-12,reu,,FNT-000233
STA-000039,ATR-002815,PRC-002186,2007-11-12,reu,,FNT-000233
STA-000040,ATR-000285,PRC-002186,2007-11-12,reu,,FNT-000233
STA-000041,ATR-000642,PRC-002186,2012-10-23,condenado_tribunal_superior,formação de quadrilha (art. 288 do Código Penal),FNT-000234
STA-000042,ATR-002791,PRC-002186,2012-10-23,condenado_tribunal_superior,formação de quadrilha (art. 288 do Código Penal),FNT-000234
STA-000043,ATR-000075,PRC-002186,2012-10-23,condenado_tribunal_superior,formação de quadrilha (art. 288 do Código Penal),FNT-000234
STA-000044,ATR-002794,PRC-002186,2012-10-23,condenado_tribunal_superior,formação de quadrilha (art. 288 do Código Penal),FNT-000234
STA-000045,ATR-002795,PRC-002186,2012-10-23,condenado_tribunal_superior,formação de quadrilha (art. 288 do Código Penal),FNT-000234
STA-000046,ATR-002796,PRC-002186,2012-10-23,condenado_tribunal_superior,formação de quadrilha (art. 288 do Código Penal),FNT-000234
STA-000047,ATR-002797,PRC-002186,2012-10-23,condenado_tribunal_superior,formação de quadrilha (art. 288 do Código Penal),FNT-000234
STA-000048,ATR-000642,PRC-002186,2012-11-12,condenado_tribunal_superior,corrupção ativa (pena de 7 anos e 11 meses e 260 dias-multa fixada nesta sessão),FNT-000236
STA-000049,ATR-000075,PRC-002186,2012-11-12,condenado_tribunal_superior,corrupção ativa (pena de 4 anos e 8 meses e 180 dias-multa fixada nesta sessão),FNT-000236
STA-000050,ATR-002791,PRC-002186,2012-11-12,condenado_tribunal_superior,corrupção ativa (pena de 6 anos e 8 meses e 250 dias-multa fixada nesta sessão),FNT-000236
STA-000051,ATR-002799,PRC-002186,2012-11-12,condenado_tribunal_superior,formação de quadrilha (pena de 2 anos e 3 meses fixada nesta sessão),FNT-000236
STA-000052,ATR-002799,PRC-002186,2012-11-12,condenado_tribunal_superior,lavagem de dinheiro (pena de 5 anos e 10 meses e 166 dias-multa fixada nesta sessão),FNT-000236
STA-000053,ATR-002799,PRC-002186,2012-11-12,condenado_tribunal_superior,gestão fraudulenta de instituição financeira (pena de 4 anos e 120 dias-multa fixada nesta sessão),FNT-000236
STA-000054,ATR-002799,PRC-002186,2012-11-12,condenado_tribunal_superior,evasão de divisas (pena de 4 anos e 7 meses e 100 dias-multa fixada nesta sessão),FNT-000236
STA-000055,ATR-002796,PRC-002186,2012-11-21,condenado_tribunal_superior,lavagem de dinheiro (pena de 3 anos 8 meses e 10 dias fixada por maioria),FNT-000237
STA-000056,ATR-002801,PRC-002186,2012-11-21,condenado_tribunal_superior,lavagem de dinheiro (pena de 5 anos 3 meses e 10 dias e 130 dias-multa fixada nesta sessão),FNT-000237
STA-000057,ATR-002801,PRC-002186,2012-11-21,condenado_tribunal_superior,gestão fraudulenta (pena de 3 anos e 6 meses e 100 dias-multa fixada nesta sessão),FNT-000237
STA-000058,ATR-002791,PRC-002186,2014-02-27,absolvido,formação de quadrilha (art. 288 do Código Penal): embargos infringentes acolhidos (art. 386 III do CPP),FNT-000235
STA-000059,ATR-000642,PRC-002186,2014-02-27,absolvido,formação de quadrilha (art. 288 do Código Penal): embargos infringentes acolhidos (art. 386 III do CPP),FNT-000235
STA-000060,ATR-000075,PRC-002186,2014-02-27,absolvido,formação de quadrilha (art. 288 do Código Penal): embargos infringentes acolhidos (art. 386 III do CPP),FNT-000235
STA-000061,ATR-002800,PRC-002186,2014-02-27,absolvido,formação de quadrilha (art. 288 do Código Penal): embargos infringentes acolhidos (art. 386 III do CPP),FNT-000235
STA-000062,ATR-002799,PRC-002186,2014-02-27,absolvido,formação de quadrilha (art. 288 do Código Penal): embargos infringentes acolhidos (art. 386 III do CPP),FNT-000235
STA-000063,ATR-002793,PRC-002186,2014-02-27,absolvido,formação de quadrilha (art. 288 do Código Penal): embargos infringentes acolhidos (art. 386 III do CPP),FNT-000235
STA-000064,ATR-002794,PRC-002186,2014-02-27,absolvido,formação de quadrilha (art. 288 do Código Penal): embargos infringentes acolhidos (art. 386 III do CPP),FNT-000235
STA-000065,ATR-002795,PRC-002186,2014-02-27,absolvido,formação de quadrilha (art. 288 do Código Penal): embargos infringentes acolhidos (art. 386 III do CPP),FNT-000235
STA-000066,ATR-001196,PRC-010068,2017-08-22,condenado_2a_instancia,"peculato (art. 312 do Código Penal) e lavagem de dinheiro (art. 1º da Lei 9.613/1998), crimes imputados segundo o acórdão",FNT-000239
STA-000067,ATR-002716,PRC-010069,2017-07-12,condenado_1a_instancia,corrupção passiva e lavagem de dinheiro,FNT-000245
STA-000068,ATR-002716,PRC-010069,2018-01-24,condenado_2a_instancia,corrupção passiva e lavagem de dinheiro,FNT-000245
STA-000069,ATR-002716,PRC-010069,2019-04-23,condenado_tribunal_superior,corrupção passiva e lavagem de dinheiro,FNT-000246
STA-000070,ATR-002716,PRC-010069,2021-03-08,condenacao_anulada,,FNT-000247
STA-000071,ATR-002716,PRC-010069,2021-03-23,processo_anulado,,FNT-000248
STA-000072,ATR-002816,PRC-007347,2026-03-04,investigado,,FNT-000256
STA-000073,ATR-002817,PRC-007347,2026-03-04,investigado,,FNT-000256
STA-000074,ATR-002818,PRC-007347,2026-03-04,investigado,,FNT-000256
STA-000075,ATR-002819,PRC-007347,2026-03-04,investigado,,FNT-000256
STA-000076,ATR-002716,PRC-010070,2019-02,condenado_1a_instancia,corrupção passiva e lavagem de dinheiro,FNT-000259
STA-000077,ATR-002716,PRC-010070,2019-11-27,condenado_2a_instancia,corrupção passiva e lavagem de dinheiro,FNT-000259
STA-000078,ATR-002716,PRC-010070,2021-03-08,condenacao_anulada,,FNT-000247
STA-000079,ATR-002820,PRC-010077,2015-04-22,condenado_1a_instancia,lavagem de dinheiro,FNT-000260
STA-000080,ATR-002823,PRC-010077,2015-04-22,condenado_1a_instancia,lavagem de dinheiro,FNT-000260
STA-000081,ATR-002824,PRC-010077,2015-04-22,condenado_1a_instancia,lavagem de dinheiro,FNT-000260
STA-000082,ATR-002825,PRC-010077,2015-04-22,condenado_1a_instancia,lavagem de dinheiro,FNT-000260
STA-000083,ATR-002826,PRC-010077,2015-04-22,condenado_1a_instancia,lavagem de dinheiro,FNT-000260
STA-000084,ATR-002829,PRC-010077,2015-04-22,condenado_1a_instancia,lavagem de dinheiro e pertinência à organização criminosa,FNT-000260
STA-000085,ATR-002821,PRC-010077,2015-04-22,condenado_1a_instancia,lavagem de dinheiro e pertinência à organização criminosa,FNT-000260
STA-000086,ATR-002822,PRC-010077,2015-04-22,condenado_1a_instancia,lavagem de dinheiro e pertinência à organização criminosa,FNT-000260
STA-000087,ATR-002827,PRC-010077,2015-04-22,absolvido,,FNT-000260
STA-000088,ATR-002828,PRC-010077,2015-04-22,absolvido,,FNT-000260
STA-000089,ATR-000027,PRC-010078,2005-06-07,representado,,FNT-000306
STA-000090,ATR-000027,PRC-010078,2005-09-14,mandato_cassado,perda do mandato declarada pelo Plenário (Resolução da Câmara),FNT-000306
STA-000091,ATR-000520,PRC-010079,2005-08-04,representado,,FNT-000306
STA-000092,ATR-000520,PRC-010079,2005-08-16,arquivado,improcedência (parecer aprovado),FNT-000306
STA-000093,ATR-000046,PRC-010080,2005-08-04,representado,,FNT-000306
STA-000094,ATR-000046,PRC-010080,2005-08-16,arquivado,improcedência (parecer aprovado),FNT-000306
STA-000095,ATR-000647,PRC-010081,2005-08-04,representado,,FNT-000306
STA-000096,ATR-000647,PRC-010081,2005-08-16,arquivado,improcedência (parecer aprovado),FNT-000306
STA-000097,ATR-000362,PRC-010082,2005-08-04,representado,,FNT-000306
STA-000098,ATR-000362,PRC-010082,2005-08-16,arquivado,improcedência (parecer aprovado),FNT-000306
STA-000099,ATR-000303,PRC-010083,2005-08-04,representado,,FNT-000306
STA-000100,ATR-000303,PRC-010083,2005-10-11,arquivado,situação na fonte: Arquivada,FNT-000306
STA-000101,ATR-000581,PRC-010084,2005-08-04,representado,,FNT-000306
STA-000102,ATR-000581,PRC-010084,2005-12-14,arquivado,arquivada,FNT-000306
STA-000103,ATR-000642,PRC-010085,2005-08-04,representado,,FNT-000306
STA-000104,ATR-000642,PRC-010085,2005-11-30,mandato_cassado,perda do mandato declarada pelo Plenário (Resolução da Câmara),FNT-000306
STA-000105,ATR-000123,PRC-010086,2005-08-04,representado,,FNT-000306
STA-000106,ATR-000123,PRC-010086,2005-11-09,representacao_improcedente,Plenário aprovou o parecer pela improcedência,FNT-000306
STA-000107,ATR-000027,PRC-010087,2005-08-04,representado,,FNT-000306
STA-000108,ATR-000027,PRC-010087,2005-12-15,arquivado,arquivada,FNT-000306
STA-000109,ATR-000094,PRC-010088,2005-10-14,representado,,FNT-000306
STA-000110,ATR-000094,PRC-010088,2006-03-22,representacao_improcedente,Plenário rejeitou o parecer pela perda do mandato,FNT-000306
STA-000111,ATR-000072,PRC-010089,2005-10-14,representado,,FNT-000306
STA-000112,ATR-000072,PRC-010089,2006-04-05,representacao_improcedente,Plenário rejeitou o parecer pela perda do mandato,FNT-000306
STA-000113,ATR-000142,PRC-010090,2005-10-14,representado,,FNT-000306
STA-000114,ATR-000142,PRC-010090,2006-07-03,arquivado,arquivada,FNT-000306
STA-000115,ATR-000143,PRC-010091,2005-10-14,representado,,FNT-000306
STA-000116,ATR-000143,PRC-010091,2006-12-06,representacao_improcedente,Plenário rejeitou o parecer pela perda do mandato,FNT-000306
STA-000117,ATR-000379,PRC-010092,2005-10-14,representado,,FNT-000306
STA-000118,ATR-000379,PRC-010092,2006-04-19,representacao_improcedente,Plenário rejeitou o parecer pela perda do mandato,FNT-000306
STA-000119,ATR-000294,PRC-010093,2005-10-14,representado,,FNT-000306
STA-000120,ATR-000294,PRC-010093,2006-05-03,representacao_improcedente,Plenário rejeitou o parecer pela perda do mandato,FNT-000306
STA-000121,ATR-000272,PRC-010094,2005-10-14,representado,,FNT-000306
STA-000122,ATR-000272,PRC-010094,2006-07-03,arquivado,arquivada,FNT-000306
STA-000123,ATR-000488,PRC-010095,2005-10-14,representado,,FNT-000306
STA-000124,ATR-000488,PRC-010095,2006-03-15,mandato_cassado,perda do mandato declarada pelo Plenário (Resolução da Câmara),FNT-000306
STA-000125,ATR-000285,PRC-010096,2005-10-14,representado,,FNT-000306
STA-000126,ATR-000285,PRC-010096,2006-03-15,representacao_improcedente,Plenário aprovou o parecer pela improcedência,FNT-000306
STA-000127,ATR-000649,PRC-010097,2005-10-14,representado,,FNT-000306
STA-000128,ATR-000649,PRC-010097,2006-03-08,representacao_improcedente,Plenário rejeitou o parecer pela perda do mandato,FNT-000306
STA-000129,ATR-000629,PRC-010098,2005-10-14,representado,,FNT-000306
STA-000130,ATR-000629,PRC-010098,2006-03-08,representacao_improcedente,Plenário rejeitou o parecer pela perda do mandato,FNT-000306
STA-000131,ATR-000089,PRC-010099,2005-10-14,representado,,FNT-000306
STA-000132,ATR-000089,PRC-010099,2006-05-24,representacao_improcedente,Plenário aprovou o parecer pela improcedência,FNT-000306
STA-000133,ATR-000615,PRC-010100,2005-10-14,representado,,FNT-000306
STA-000134,ATR-000615,PRC-010100,2006-03-22,representacao_improcedente,Plenário rejeitou o parecer pela perda do mandato,FNT-000306
STA-000135,ATR-000470,PRC-010101,2005-10-19,representado,,FNT-000306
STA-000136,ATR-000470,PRC-010101,2023-01-31,arquivado,arquivada,FNT-000306
STA-000137,ATR-000110,PRC-010102,2005-11-17,representado,,FNT-000306
STA-000138,ATR-000110,PRC-010102,2006-05-30,arquivado,improcedência (parecer aprovado),FNT-000306
STA-000139,ATR-000470,PRC-010103,2006-03-14,representado,,FNT-000306
STA-000140,ATR-000470,PRC-010103,2023-01-31,arquivado,arquivada,FNT-000306
STA-000141,ATR-000093,PRC-010104,2006-08-16,representado,,FNT-000306
STA-000142,ATR-000093,PRC-010104,2007-10-02,arquivado,arquivada,FNT-000306
STA-000143,ATR-000328,PRC-010105,2006-08-16,representado,,FNT-000306
STA-000144,ATR-000328,PRC-010105,2007-10-02,arquivado,arquivada,FNT-000306
STA-000145,ATR-000576,PRC-010106,2006-08-16,representado,,FNT-000306
STA-000146,ATR-000576,PRC-010106,2007-01-31,arquivado,arquivada,FNT-000306
STA-000147,ATR-000427,PRC-010107,2006-08-16,representado,,FNT-000306
STA-000148,ATR-000427,PRC-010107,2007-10-02,arquivado,arquivada,FNT-000306
STA-000149,ATR-000200,PRC-010108,2006-08-16,representado,,FNT-000306
STA-000150,ATR-000200,PRC-010108,2007-01-31,arquivado,arquivada,FNT-000306
STA-000151,ATR-000673,PRC-010109,2006-08-16,representado,,FNT-000306
STA-000152,ATR-000673,PRC-010109,2007-10-02,arquivado,arquivada,FNT-000306
STA-000153,ATR-000653,PRC-010110,2006-08-16,representado,,FNT-000306
STA-000154,ATR-000653,PRC-010110,2007-10-02,arquivado,arquivada,FNT-000306
STA-000155,ATR-000317,PRC-010111,2006-08-16,representado,,FNT-000306
STA-000156,ATR-000317,PRC-010111,2006-09-04,arquivado,renúncia ao mandato,FNT-000306
STA-000157,ATR-000515,PRC-010112,2006-08-16,representado,,FNT-000306
STA-000158,ATR-000515,PRC-010112,2007-10-02,arquivado,arquivada,FNT-000306
STA-000159,ATR-000383,PRC-010113,2006-08-16,representado,,FNT-000306
STA-000160,ATR-000383,PRC-010113,2007-10-02,arquivado,arquivada,FNT-000306
STA-000161,ATR-000522,PRC-010114,2006-08-16,representado,,FNT-000306
STA-000162,ATR-000522,PRC-010114,2007-10-02,arquivado,arquivada,FNT-000306
STA-000163,ATR-000205,PRC-010115,2006-08-16,representado,,FNT-000306
STA-000164,ATR-000205,PRC-010115,2007-10-02,arquivado,arquivada,FNT-000306
STA-000165,ATR-000647,PRC-010116,2006-08-16,representado,,FNT-000306
STA-000166,ATR-000647,PRC-010116,2007-01-31,arquivado,arquivada,FNT-000306
STA-000167,ATR-000434,PRC-010117,2006-08-16,representado,,FNT-000306
STA-000168,ATR-000434,PRC-010117,2008-07-03,arquivado,arquivada,FNT-000306
STA-000169,ATR-000626,PRC-010118,2006-08-16,representado,,FNT-000306
STA-000170,ATR-000626,PRC-010118,2007-10-02,arquivado,arquivada,FNT-000306
STA-000171,ATR-000495,PRC-010119,2006-08-16,representado,,FNT-000306
STA-000172,ATR-000495,PRC-010119,2007-01-31,arquivado,arquivada,FNT-000306
STA-000173,ATR-000609,PRC-010120,2006-08-16,representado,,FNT-000306
STA-000174,ATR-000609,PRC-010120,2007-01-31,arquivado,arquivada,FNT-000306
STA-000175,ATR-000221,PRC-010121,2006-08-16,representado,,FNT-000306
STA-000176,ATR-000221,PRC-010121,2007-10-02,arquivado,arquivada,FNT-000306
STA-000177,ATR-000065,PRC-010122,2006-08-16,representado,,FNT-000306
STA-000178,ATR-000065,PRC-010122,2007-01-31,arquivado,arquivada,FNT-000306
STA-000179,ATR-000285,PRC-010123,2006-08-16,representado,,FNT-000306
STA-000180,ATR-000285,PRC-010123,2007-01-31,arquivado,arquivada,FNT-000306
STA-000181,ATR-000273,PRC-010124,2006-08-16,representado,,FNT-000306
STA-000182,ATR-000273,PRC-010124,2007-01-31,arquivado,arquivada,FNT-000306
STA-000183,ATR-000095,PRC-010125,2006-08-16,representado,,FNT-000306
STA-000184,ATR-000095,PRC-010125,2007-01-31,arquivado,arquivada,FNT-000306
STA-000185,ATR-000360,PRC-010126,2006-08-16,representado,,FNT-000306
STA-000186,ATR-000360,PRC-010126,2007-01-31,arquivado,arquivada,FNT-000306
STA-000187,ATR-000129,PRC-010127,2006-08-16,representado,,FNT-000306
STA-000188,ATR-000129,PRC-010127,2007-01-31,arquivado,arquivada,FNT-000306
STA-000189,ATR-000223,PRC-010128,2006-08-16,representado,,FNT-000306
STA-000190,ATR-000223,PRC-010128,2007-01-31,arquivado,arquivada,FNT-000306
STA-000191,ATR-000067,PRC-010129,2006-08-16,representado,,FNT-000306
STA-000192,ATR-000067,PRC-010129,2007-01-31,arquivado,arquivada,FNT-000306
STA-000193,ATR-000010,PRC-010130,2006-08-16,representado,,FNT-000306
STA-000194,ATR-000010,PRC-010130,2007-10-02,arquivado,arquivada,FNT-000306
STA-000195,ATR-000386,PRC-010131,2006-08-16,representado,,FNT-000306
STA-000196,ATR-000386,PRC-010131,2007-01-31,arquivado,arquivada,FNT-000306
STA-000197,ATR-000363,PRC-010132,2006-08-16,representado,,FNT-000306
STA-000198,ATR-000363,PRC-010132,2007-10-02,arquivado,arquivada,FNT-000306
STA-000199,ATR-000615,PRC-010133,2006-08-16,representado,,FNT-000306
STA-000200,ATR-000615,PRC-010133,2007-10-02,arquivado,arquivada,FNT-000306
STA-000201,ATR-000113,PRC-010134,2006-08-16,representado,,FNT-000306
STA-000202,ATR-000113,PRC-010134,2007-01-31,arquivado,arquivada,FNT-000306
STA-000203,ATR-000242,PRC-010135,2006-08-16,representado,,FNT-000306
STA-000204,ATR-000242,PRC-010135,2007-01-31,arquivado,arquivada,FNT-000306
STA-000205,ATR-000408,PRC-010136,2006-08-16,representado,,FNT-000306
STA-000206,ATR-000408,PRC-010136,2007-11-20,arquivado,arquivada,FNT-000306
STA-000207,ATR-000513,PRC-010137,2006-08-16,representado,,FNT-000306
STA-000208,ATR-000513,PRC-010137,2007-11-20,arquivado,arquivada,FNT-000306
STA-000209,ATR-000457,PRC-010138,2006-08-16,representado,,FNT-000306
STA-000210,ATR-000457,PRC-010138,2007-01-31,arquivado,arquivada,FNT-000306
STA-000211,ATR-000433,PRC-010139,2006-08-16,representado,,FNT-000306
STA-000212,ATR-000433,PRC-010139,2007-01-31,arquivado,arquivada,FNT-000306
STA-000213,ATR-000207,PRC-010140,2006-08-16,representado,,FNT-000306
STA-000214,ATR-000207,PRC-010140,2007-01-31,arquivado,arquivada,FNT-000306
STA-000215,ATR-000500,PRC-010141,2006-08-16,representado,,FNT-000306
STA-000216,ATR-000500,PRC-010141,2007-10-02,arquivado,arquivada,FNT-000306
STA-000217,ATR-000602,PRC-010142,2006-08-16,representado,,FNT-000306
STA-000218,ATR-000602,PRC-010142,2007-10-02,arquivado,arquivada,FNT-000306
STA-000219,ATR-000320,PRC-010143,2006-08-16,representado,,FNT-000306
STA-000220,ATR-000320,PRC-010143,2007-01-31,arquivado,arquivada,FNT-000306
STA-000221,ATR-000364,PRC-010144,2006-08-16,representado,,FNT-000306
STA-000222,ATR-000364,PRC-010144,2007-01-31,arquivado,arquivada,FNT-000306
STA-000223,ATR-000422,PRC-010145,2006-08-16,representado,,FNT-000306
STA-000224,ATR-000422,PRC-010145,2007-01-31,arquivado,arquivada,FNT-000306
STA-000225,ATR-000239,PRC-010146,2006-08-16,representado,,FNT-000306
STA-000226,ATR-000239,PRC-010146,2007-10-02,arquivado,arquivada,FNT-000306
STA-000227,ATR-000571,PRC-010147,2006-08-16,representado,,FNT-000306
STA-000228,ATR-000571,PRC-010147,2007-10-02,arquivado,arquivada,FNT-000306
STA-000229,ATR-000511,PRC-010148,2006-08-16,representado,,FNT-000306
STA-000230,ATR-000511,PRC-010148,2007-10-02,arquivado,arquivada,FNT-000306
STA-000231,ATR-000160,PRC-010149,2006-08-16,representado,,FNT-000306
STA-000232,ATR-000160,PRC-010149,2007-01-31,arquivado,arquivada,FNT-000306
STA-000233,ATR-000652,PRC-010150,2006-08-16,representado,,FNT-000306
STA-000234,ATR-000652,PRC-010150,2007-10-02,arquivado,arquivada,FNT-000306
STA-000235,ATR-000337,PRC-010151,2006-08-16,representado,,FNT-000306
STA-000236,ATR-000337,PRC-010151,2007-10-02,arquivado,arquivada,FNT-000306
STA-000237,ATR-000544,PRC-010152,2006-08-16,representado,,FNT-000306
STA-000238,ATR-000544,PRC-010152,2007-01-31,arquivado,arquivada,FNT-000306
STA-000239,ATR-000572,PRC-010153,2006-08-16,representado,,FNT-000306
STA-000240,ATR-000572,PRC-010153,2007-01-31,arquivado,arquivada,FNT-000306
STA-000241,ATR-000550,PRC-010154,2006-08-16,representado,,FNT-000306
STA-000242,ATR-000550,PRC-010154,2006-09-04,arquivado,renúncia ao mandato,FNT-000306
STA-000243,ATR-000181,PRC-010155,2006-08-16,representado,,FNT-000306
STA-000244,ATR-000181,PRC-010155,2007-01-31,arquivado,arquivada,FNT-000306
STA-000245,ATR-000106,PRC-010156,2006-08-16,representado,,FNT-000306
STA-000246,ATR-000106,PRC-010156,2007-01-31,arquivado,arquivada,FNT-000306
STA-000247,ATR-000371,PRC-010157,2006-08-16,representado,,FNT-000306
STA-000248,ATR-000371,PRC-010157,2007-10-02,arquivado,arquivada,FNT-000306
STA-000249,ATR-000423,PRC-010158,2006-08-16,representado,,FNT-000306
STA-000250,ATR-000423,PRC-010158,2007-01-31,arquivado,arquivada,FNT-000306
STA-000251,ATR-000327,PRC-010159,2006-08-16,representado,,FNT-000306
STA-000252,ATR-000327,PRC-010159,2007-01-31,arquivado,arquivada,FNT-000306
STA-000253,ATR-000476,PRC-010160,2006-08-16,representado,,FNT-000306
STA-000254,ATR-000476,PRC-010160,2007-01-31,arquivado,arquivada,FNT-000306
STA-000255,ATR-000464,PRC-010161,2006-08-16,representado,,FNT-000306
STA-000256,ATR-000464,PRC-010161,2007-10-02,arquivado,arquivada,FNT-000306
STA-000257,ATR-000667,PRC-010162,2006-08-16,representado,,FNT-000306
STA-000258,ATR-000667,PRC-010162,2007-01-31,arquivado,arquivada,FNT-000306
STA-000259,ATR-000252,PRC-010163,2006-08-16,representado,,FNT-000306
STA-000260,ATR-000252,PRC-010163,2007-10-02,arquivado,arquivada,FNT-000306
STA-000261,ATR-000375,PRC-010164,2006-08-16,representado,,FNT-000306
STA-000262,ATR-000375,PRC-010164,2007-01-31,arquivado,arquivada,FNT-000306
STA-000263,ATR-000384,PRC-010165,2006-08-16,representado,,FNT-000306
STA-000264,ATR-000384,PRC-010165,2007-01-31,arquivado,arquivada,FNT-000306
STA-000265,ATR-000049,PRC-010166,2006-08-16,representado,,FNT-000306
STA-000266,ATR-000049,PRC-010166,2007-10-02,arquivado,arquivada,FNT-000306
STA-000267,ATR-000305,PRC-010167,2006-08-16,representado,,FNT-000306
STA-000268,ATR-000305,PRC-010167,2007-01-31,arquivado,arquivada,FNT-000306
STA-000269,ATR-000365,PRC-010168,2006-08-16,representado,,FNT-000306
STA-000270,ATR-000365,PRC-010168,2007-10-02,arquivado,arquivada,FNT-000306
STA-000271,ATR-000562,PRC-010169,2006-08-16,representado,,FNT-000306
STA-000272,ATR-000562,PRC-010169,2007-10-02,arquivado,arquivada,FNT-000306
STA-000273,ATR-000199,PRC-010170,2006-08-16,representado,,FNT-000306
STA-000274,ATR-000199,PRC-010170,2007-10-02,arquivado,arquivada,FNT-000306
STA-000275,ATR-000042,PRC-010171,2006-08-16,representado,,FNT-000306
STA-000276,ATR-000042,PRC-010171,2007-01-31,arquivado,arquivada,FNT-000306
STA-000277,ATR-000287,PRC-010172,2006-08-16,representado,,FNT-000306
STA-000278,ATR-000287,PRC-010172,2007-01-31,arquivado,arquivada,FNT-000306
STA-000279,ATR-000323,PRC-010173,2006-08-16,representado,,FNT-000306
STA-000280,ATR-000323,PRC-010173,2007-10-02,arquivado,arquivada,FNT-000306
STA-000281,ATR-000567,PRC-010174,2006-08-16,representado,,FNT-000306
STA-000282,ATR-000567,PRC-010174,2007-01-31,arquivado,arquivada,FNT-000306
STA-000283,ATR-000247,PRC-010175,2007-03-26,representado,,FNT-000306
STA-000284,ATR-000247,PRC-010175,2007-05-17,arquivado,arquivada,FNT-000306
STA-000285,ATR-000272,PRC-010176,2007-03-26,representado,,FNT-000306
STA-000286,ATR-000272,PRC-010176,2007-05-16,arquivado,arquivada,FNT-000306
STA-000287,ATR-000090,PRC-010177,2007-03-26,representado,,FNT-000306
STA-000288,ATR-000090,PRC-010177,2007-05-10,arquivado,arquivada,FNT-000306
STA-000289,ATR-000287,PRC-010178,2007-03-26,representado,,FNT-000306
STA-000290,ATR-000287,PRC-010178,2007-05-24,arquivado,arquivada,FNT-000306
STA-000291,ATR-000621,PRC-010179,2007-06-28,representado,,FNT-000306
STA-000292,ATR-000621,PRC-010179,2008-07-15,arquivado,arquivada,FNT-000306
STA-000293,ATR-000218,PRC-010180,2007-08-07,representado,,FNT-000306
STA-000294,ATR-000218,PRC-010180,2007-11-21,arquivado,arquivada,FNT-000306
STA-000295,ATR-000570,PRC-010181,2007-08-07,representado,,FNT-000306
STA-000296,ATR-000570,PRC-010181,2007-11-22,arquivado,arquivada,FNT-000306
STA-000297,ATR-000949,PRC-010182,2008-05-27,representado,,FNT-000306
STA-000298,ATR-000949,PRC-010182,2009-02-19,arquivado,arquivada,FNT-000306
STA-000299,ATR-000574,PRC-010183,2009-03-31,representado,,FNT-000306
STA-000300,ATR-000574,PRC-010183,2009-08-19,arquivado,arquivada,FNT-000306
STA-000301,ATR-000710,PRC-010184,2011-03-16,representado,,FNT-000306
STA-000302,ATR-000710,PRC-010184,2011-08-30,representacao_improcedente,Plenário rejeitou o parecer pela perda do mandato,FNT-000306
STA-000303,ATR-000671,PRC-010185,2011-06-09,representado,,FNT-000306
STA-000304,ATR-000671,PRC-010185,2011-10-19,arquivado,arquivada,FNT-000306
STA-000305,ATR-000090,PRC-010186,2011-08-03,representado,,FNT-000306
STA-000306,ATR-000090,PRC-010186,2011-11-24,arquivado,arquivada,FNT-000306
STA-000307,ATR-000889,PRC-010187,2012-04-18,representado,,FNT-000306
STA-000308,ATR-000889,PRC-010187,2015-03-18,arquivado,fim da legislatura,FNT-000306
STA-000309,ATR-001155,PRC-010188,2012-04-18,representado,,FNT-000306
STA-000310,ATR-001155,PRC-010188,2012-10-24,arquivado,arquivada,FNT-000306
STA-000311,ATR-000889,PRC-010189,2012-06-28,representado,,FNT-000306
STA-000312,ATR-000889,PRC-010189,2012-12-21,arquivado,arquivada,FNT-000306
STA-000313,ATR-000584,PRC-010190,2012-06-28,representado,,FNT-000306
STA-000314,ATR-000584,PRC-010190,2012-12-21,arquivado,arquivada,FNT-000306
STA-000315,ATR-000394,PRC-010191,2012-12-19,representado,,FNT-000306
STA-000316,ATR-000394,PRC-010191,2013-09-11,sancao_disciplinar,suspensão de mandato ou censura aprovada,FNT-000306
STA-000317,ATR-000368,PRC-010192,2013-04-11,representado,,FNT-000306
STA-000318,ATR-000368,PRC-010192,2013-10-17,arquivado,arquivada,FNT-000306
STA-000319,ATR-000817,PRC-010193,2013-04-11,representado,,FNT-000306
STA-000320,ATR-000817,PRC-010193,2013-10-09,arquivado,arquivada,FNT-000306
STA-000321,ATR-000760,PRC-010194,2013-09-02,representado,,FNT-000306
STA-000322,ATR-000760,PRC-010194,2014-02-12,mandato_cassado,Plenário aprovou o parecer pela perda do mandato,FNT-000306
STA-000323,ATR-000671,PRC-010195,2013-09-24,representado,,FNT-000306
STA-000324,ATR-000671,PRC-010195,2014-02-13,arquivado,arquivada,FNT-000306
STA-000325,ATR-000809,PRC-010196,2014-04-07,representado,,FNT-000306
STA-000326,ATR-000809,PRC-010196,2014-12-10,mandato_cassado,perda do mandato declarada pelo Plenário (Resolução da Câmara),FNT-000306
STA-000327,ATR-001097,PRC-010197,2014-05-07,representado,,FNT-000306
STA-000328,ATR-001097,PRC-010197,2019-02-13,arquivado,arquivada,FNT-000306
STA-000329,ATR-001097,PRC-010198,2014-05-14,representado,,FNT-000306
STA-000330,ATR-001097,PRC-010198,2015-01-31,arquivado,situação na fonte: Arquivada,FNT-000306
STA-000331,ATR-001029,PRC-010199,2014-08-26,representado,,FNT-000306
STA-000332,ATR-001029,PRC-010199,2015-03-18,arquivado,fim da legislatura,FNT-000306
STA-000333,ATR-001064,PRC-010200,2014-10-16,representado,,FNT-000306
STA-000334,ATR-001064,PRC-010200,2015-02-11,arquivado,arquivada,FNT-000306
STA-000335,ATR-000718,PRC-010201,2014-10-16,representado,,FNT-000306
STA-000336,ATR-000718,PRC-010201,2015-03-18,arquivado,fim da legislatura,FNT-000306
STA-000337,ATR-000569,PRC-010202,2014-10-16,representado,,FNT-000306
STA-000338,ATR-000569,PRC-010202,2015-03-18,arquivado,fim da legislatura,FNT-000306
STA-000339,ATR-000671,PRC-010203,2014-12-11,representado,,FNT-000306
STA-000340,ATR-000671,PRC-010203,2015-03-18,arquivado,fim da legislatura,FNT-000306
STA-000341,ATR-000326,PRC-010204,2015-10-28,representado,,FNT-000306
STA-000342,ATR-000326,PRC-010204,2016-09-12,mandato_cassado,perda do mandato declarada pelo Plenário (Resolução da Câmara),FNT-000306
STA-000343,ATR-000098,PRC-010205,2015-10-28,representado,,FNT-000306
STA-000344,ATR-000098,PRC-010205,2016-02-25,arquivado,arquivada,FNT-000306
STA-000345,ATR-000155,PRC-010206,2015-10-28,representado,,FNT-000306
STA-000346,ATR-000155,PRC-010206,2016-08-15,arquivado,arquivada,FNT-000306
STA-000347,ATR-000324,PRC-010207,2015-11-06,representado,,FNT-000306
STA-000348,ATR-000324,PRC-010207,2016-02-24,arquivado,arquivada,FNT-000306
STA-000349,ATR-001221,PRC-010208,2015-11-27,representado,,FNT-000306
STA-000350,ATR-001221,PRC-010208,2016-04-13,arquivado,arquivada,FNT-000306
STA-000351,ATR-000671,PRC-010209,2016-05-11,representado,,FNT-000306
STA-000352,ATR-000671,PRC-010209,2017-02-20,arquivado,arquivada,FNT-000306
STA-000353,ATR-001221,PRC-010210,2016-07-07,representado,,FNT-000306
STA-000354,ATR-001221,PRC-010210,2017-02-09,arquivado,arquivada,FNT-000306
STA-000355,ATR-000909,PRC-010211,2016-07-21,representado,,FNT-000306
STA-000356,ATR-000909,PRC-010211,2017-02-09,arquivado,arquivada,FNT-000306
STA-000357,ATR-000188,PRC-010212,2016-07-21,representado,,FNT-000306
STA-000358,ATR-000188,PRC-010212,2016-12-06,arquivado,arquivada,FNT-000306
STA-000359,ATR-001221,PRC-010213,2016-09-14,representado,,FNT-000306
STA-000360,ATR-001221,PRC-010213,2017-04-05,sancao_disciplinar,suspensão de mandato ou censura aprovada,FNT-000306
STA-000361,ATR-000909,PRC-010214,2016-11-11,representado,,FNT-000306
STA-000362,ATR-000909,PRC-010214,2017-03-08,arquivado,arquivada,FNT-000306
STA-000363,ATR-000702,PRC-010215,2016-12-22,representado,,FNT-000306
STA-000364,ATR-000702,PRC-010215,2017-09-06,arquivado,arquivada,FNT-000306
STA-000365,ATR-000702,PRC-010216,2016-12-22,representado,,FNT-000306
STA-000366,ATR-000702,PRC-010216,2017-09-06,arquivado,arquivada,FNT-000306
STA-000367,ATR-001386,PRC-010217,2016-12-22,representado,,FNT-000306
STA-000368,ATR-001386,PRC-010217,2019-01-31,arquivado,arquivada,FNT-000306
STA-000369,ATR-000963,PRC-010218,2017-05-31,representado,,FNT-000306
STA-000370,ATR-000963,PRC-010218,2017-06-26,arquivado,arquivada,FNT-000306
STA-000371,ATR-000188,PRC-010219,2017-08-24,representado,,FNT-000306
STA-000372,ATR-000188,PRC-010219,2018-02-21,arquivado,arquivada,FNT-000306
STA-000373,ATR-000188,PRC-010220,2017-09-15,representado,,FNT-000306
STA-000374,ATR-000188,PRC-010220,2018-02-21,arquivado,arquivada,FNT-000306
STA-000375,ATR-000708,PRC-010221,2018-02-14,representado,,FNT-000306
STA-000376,ATR-000708,PRC-010221,2019-02-13,arquivado,arquivada,FNT-000306
STA-000377,ATR-000756,PRC-010222,2018-02-21,representado,,FNT-000306
STA-000378,ATR-000756,PRC-010222,2018-11-12,arquivado,prejudicada,FNT-000306
STA-000379,ATR-000092,PRC-010223,2018-02-21,representado,,FNT-000306
STA-000380,ATR-000092,PRC-010223,2019-01-31,arquivado,arquivada,FNT-000306
STA-000381,ATR-001121,PRC-010224,2018-02-21,representado,,FNT-000306
STA-000382,ATR-001121,PRC-010224,2019-01-31,arquivado,arquivada,FNT-000306
STA-000383,ATR-001125,PRC-010225,2018-03-21,representado,,FNT-000306
STA-000384,ATR-001125,PRC-010225,2018-05-24,arquivado,arquivada,FNT-000306
STA-000385,ATR-000071,PRC-010226,2018-03-21,representado,,FNT-000306
STA-000386,ATR-000071,PRC-010226,2018-05-24,arquivado,arquivada,FNT-000306
STA-000387,ATR-001221,PRC-010227,2018-03-21,representado,,FNT-000306
STA-000388,ATR-001221,PRC-010227,2018-05-28,arquivado,arquivada,FNT-000306
STA-000389,ATR-000098,PRC-010228,2018-03-27,representado,,FNT-000306
STA-000390,ATR-000098,PRC-010228,2018-07-03,arquivado,arquivada,FNT-000306
STA-000391,ATR-000147,PRC-010229,2018-06-06,representado,,FNT-000306
STA-000392,ATR-000147,PRC-010229,2018-12-11,arquivado,arquivada,FNT-000306
STA-000393,ATR-000909,PRC-010230,2018-06-07,representado,,FNT-000306
STA-000394,ATR-000909,PRC-010230,2019-01-31,arquivado,arquivada,FNT-000306
STA-000395,ATR-000147,PRC-010231,2018-06-19,representado,,FNT-000306
STA-000396,ATR-000147,PRC-010231,2018-12-11,arquivado,arquivada,FNT-000306
STA-000397,ATR-000471,PRC-010232,2018-08-09,representado,,FNT-000306
STA-000398,ATR-000471,PRC-010232,2019-01-31,arquivado,arquivada,FNT-000306
STA-000399,ATR-000919,PRC-010232,2018-08-09,representado,,FNT-000306
STA-000400,ATR-000919,PRC-010232,2019-01-31,arquivado,arquivada,FNT-000306
STA-000401,ATR-001501,PRC-010232,2018-08-09,representado,,FNT-000306
STA-000402,ATR-001501,PRC-010232,2019-01-31,arquivado,arquivada,FNT-000306
STA-000403,ATR-001696,PRC-010233,2019-04-01,representado,,FNT-000306
STA-000404,ATR-001696,PRC-010233,2019-11-06,arquivado,arquivada,FNT-000306
STA-000405,ATR-001655,PRC-010234,2019-06-18,representado,,FNT-000306
STA-000406,ATR-001655,PRC-010234,2019-11-07,arquivado,arquivada,FNT-000306
STA-000407,ATR-000774,PRC-010235,2019-06-28,representado,,FNT-000306
STA-000408,ATR-000774,PRC-010235,2019-09-04,arquivado,arquivada,FNT-000306
STA-000409,ATR-001431,PRC-010235,2019-06-28,representado,,FNT-000306
STA-000410,ATR-001431,PRC-010235,2019-09-04,arquivado,arquivada,FNT-000306
STA-000411,ATR-000469,PRC-010236,2019-07-02,representado,,FNT-000306
STA-000412,ATR-000469,PRC-010236,2021-12-04,arquivado,arquivada,FNT-000306
STA-000413,ATR-001697,PRC-010237,2019-09-03,representado,,FNT-000306
STA-000414,ATR-001697,PRC-010237,2021-06-24,arquivado,arquivada,FNT-000306
STA-000415,ATR-001022,PRC-010238,2019-09-10,representado,,FNT-000306
STA-000416,ATR-001022,PRC-010238,2019-12-10,arquivado,arquivada,FNT-000306
STA-000417,ATR-001644,PRC-010239,2019-09-17,representado,,FNT-000306
STA-000418,ATR-001644,PRC-010239,2019-12-10,arquivado,arquivada,FNT-000306
STA-000419,ATR-000702,PRC-010240,2019-11-20,representado,,FNT-000306
STA-000420,ATR-000702,PRC-010240,2021-05-18,arquivado,arquivada,FNT-000306
STA-000421,ATR-000702,PRC-010241,2019-11-20,representado,,FNT-000306
STA-000422,ATR-000702,PRC-010242,2019-11-20,representado,,FNT-000306
STA-000423,ATR-000702,PRC-010242,2021-10-14,arquivado,arquivada,FNT-000306
STA-000424,ATR-001689,PRC-010243,2019-11-27,representado,,FNT-000306
STA-000425,ATR-001689,PRC-010243,2022-02-04,arquivado,arquivada,FNT-000306
STA-000426,ATR-001598,PRC-010244,2019-11-28,representado,,FNT-000306
STA-000427,ATR-001598,PRC-010244,2021-09-29,arquivado,arquivada,FNT-000306
STA-000428,ATR-001696,PRC-010245,2019-12-02,representado,,FNT-000306
STA-000429,ATR-001696,PRC-010245,2021-09-08,arquivado,arquivada,FNT-000306
STA-000430,ATR-001689,PRC-010246,2019-12-06,representado,,FNT-000306
STA-000431,ATR-001689,PRC-010246,2021-10-28,arquivado,arquivada,FNT-000306
STA-000432,ATR-001638,PRC-010247,2019-12-06,representado,,FNT-000306
STA-000433,ATR-001638,PRC-010247,2023-01-31,arquivado,arquivada,FNT-000306
STA-000434,ATR-001644,PRC-010248,2019-12-06,representado,,FNT-000306
STA-000435,ATR-001644,PRC-010248,2021-09-30,arquivado,arquivada,FNT-000306
STA-000436,ATR-001727,PRC-010249,2019-12-06,representado,,FNT-000306
STA-000437,ATR-001727,PRC-010249,2021-09-29,arquivado,arquivada,FNT-000306
STA-000438,ATR-001598,PRC-010250,2019-12-06,representado,,FNT-000306
STA-000439,ATR-001598,PRC-010250,2021-11-04,arquivado,arquivada,FNT-000306
STA-000440,ATR-001577,PRC-010251,2019-12-06,representado,,FNT-000306
STA-000441,ATR-001577,PRC-010251,2021-11-04,arquivado,arquivada,FNT-000306
STA-000442,ATR-001638,PRC-010252,2021-02-17,representado,,FNT-000306
STA-000443,ATR-001638,PRC-010252,2021-07-07,sancao_disciplinar,suspensão de mandato ou censura aprovada,FNT-000306
STA-000444,ATR-001631,PRC-010253,2021-02-19,representado,,FNT-000306
STA-000445,ATR-001631,PRC-010253,2021-08-11,arquivado,situação na fonte: Arquivada,FNT-000306
STA-000446,ATR-001638,PRC-010254,2021-02-25,representado,,FNT-000306
STA-000447,ATR-001638,PRC-010254,2023-01-31,arquivado,arquivada,FNT-000306
STA-000448,ATR-001638,PRC-010255,2021-02-25,representado,,FNT-000306
STA-000449,ATR-001638,PRC-010255,2023-01-31,arquivado,arquivada,FNT-000306
STA-000450,ATR-001638,PRC-010256,2021-02-25,representado,,FNT-000306
STA-000451,ATR-001638,PRC-010256,2023-01-31,arquivado,arquivada,FNT-000306
STA-000452,ATR-001638,PRC-010257,2021-02-25,representado,,FNT-000306
STA-000453,ATR-001638,PRC-010257,2023-01-31,arquivado,arquivada,FNT-000306
STA-000454,ATR-001638,PRC-010258,2021-02-25,representado,,FNT-000306
STA-000455,ATR-001638,PRC-010258,2023-01-31,arquivado,arquivada,FNT-000306
STA-000456,ATR-001638,PRC-010259,2021-02-25,representado,,FNT-000306
STA-000457,ATR-001638,PRC-010259,2023-01-31,arquivado,arquivada,FNT-000306
STA-000458,ATR-001638,PRC-010260,2021-02-25,representado,,FNT-000306
STA-000459,ATR-001638,PRC-010260,2023-01-31,arquivado,arquivada,FNT-000306
STA-000460,ATR-001407,PRC-010261,2021-07-02,representado,,FNT-000306
STA-000461,ATR-001407,PRC-010261,2021-11-17,arquivado,arquivada,FNT-000306
STA-000462,ATR-000151,PRC-010262,2021-07-02,representado,,FNT-000306
STA-000463,ATR-000151,PRC-010262,2022-02-22,arquivado,arquivada,FNT-000306
STA-000464,ATR-001570,PRC-010263,2021-07-02,representado,,FNT-000306
STA-000465,ATR-001570,PRC-010263,2021-12-14,arquivado,arquivada,FNT-000306
STA-000466,ATR-000243,PRC-010264,2022-04-12,representado,,FNT-000306
STA-000467,ATR-000243,PRC-010264,2023-01-31,arquivado,arquivada,FNT-000306
STA-000468,ATR-000702,PRC-010265,2022-04-12,representado,,FNT-000306
STA-000469,ATR-000702,PRC-010265,2022-12-14,arquivado,arquivada,FNT-000306
STA-000470,ATR-001644,PRC-010266,2022-04-12,representado,,FNT-000306
STA-000471,ATR-001644,PRC-010266,2022-12-20,arquivado,arquivada,FNT-000306
STA-000472,ATR-001689,PRC-010267,2022-04-12,representado,,FNT-000306
STA-000473,ATR-001689,PRC-010267,2023-01-31,arquivado,arquivada,FNT-000306
STA-000474,ATR-000672,PRC-010268,2022-04-12,representado,,FNT-000306
STA-000475,ATR-000672,PRC-010268,2022-12-20,arquivado,arquivada,FNT-000306
STA-000476,ATR-001648,PRC-010269,2022-04-12,representado,,FNT-000306
STA-000477,ATR-001648,PRC-010269,2022-10-05,arquivado,arquivada,FNT-000306
STA-000478,ATR-001745,PRC-010270,2022-04-12,representado,,FNT-000306
STA-000479,ATR-001745,PRC-010270,2023-01-31,arquivado,arquivada,FNT-000306
STA-000480,ATR-001730,PRC-010271,2022-04-12,representado,,FNT-000306
STA-000481,ATR-001730,PRC-010271,2022-12-20,arquivado,arquivada,FNT-000306
STA-000482,ATR-001563,PRC-010272,2022-04-12,representado,,FNT-000306
STA-000483,ATR-001563,PRC-010272,2023-01-31,arquivado,arquivada,FNT-000306
STA-000484,ATR-001718,PRC-010273,2022-04-12,representado,,FNT-000306
STA-000485,ATR-001718,PRC-010273,2023-01-31,arquivado,arquivada,FNT-000306
STA-000486,ATR-001718,PRC-010274,2022-04-12,representado,,FNT-000306
STA-000487,ATR-001718,PRC-010274,2023-01-31,arquivado,arquivada,FNT-000306
STA-000488,ATR-000702,PRC-010275,2022-04-12,representado,,FNT-000306
STA-000489,ATR-000702,PRC-010275,2023-01-31,arquivado,arquivada,FNT-000306
STA-000490,ATR-000702,PRC-010276,2022-04-12,representado,,FNT-000306
STA-000491,ATR-000702,PRC-010276,2023-01-31,arquivado,arquivada,FNT-000306
STA-000492,ATR-000702,PRC-010277,2022-04-12,representado,,FNT-000306
STA-000493,ATR-000702,PRC-010277,2023-01-31,arquivado,arquivada,FNT-000306
STA-000494,ATR-000702,PRC-010278,2022-04-12,representado,,FNT-000306
STA-000495,ATR-000702,PRC-010278,2023-01-31,arquivado,arquivada,FNT-000306
STA-000496,ATR-000688,PRC-010279,2022-04-12,representado,,FNT-000306
STA-000497,ATR-000688,PRC-010279,2022-06-29,arquivado,arquivada,FNT-000306
STA-000498,ATR-000702,PRC-010280,2022-04-12,representado,,FNT-000306
STA-000499,ATR-000702,PRC-010280,2023-01-31,arquivado,arquivada,FNT-000306
STA-000500,ATR-001563,PRC-010281,2022-04-12,representado,,FNT-000306
STA-000501,ATR-001563,PRC-010281,2023-01-31,arquivado,arquivada,FNT-000306
STA-000502,ATR-001563,PRC-010282,2022-04-12,representado,,FNT-000306
STA-000503,ATR-001563,PRC-010282,2023-01-31,arquivado,arquivada,FNT-000306
STA-000504,ATR-001689,PRC-010283,2022-04-12,representado,,FNT-000306
STA-000505,ATR-001689,PRC-010283,2023-01-31,arquivado,arquivada,FNT-000306
STA-000506,ATR-000702,PRC-010284,2022-04-12,representado,,FNT-000306
STA-000507,ATR-000702,PRC-010284,2023-01-31,arquivado,arquivada,FNT-000306
STA-000508,ATR-001386,PRC-010285,2022-04-12,representado,,FNT-000306
STA-000509,ATR-001386,PRC-010285,2023-01-31,arquivado,arquivada,FNT-000306
STA-000510,ATR-000722,PRC-010286,2022-06-01,representado,,FNT-000306
STA-000511,ATR-000722,PRC-010286,2022-08-01,arquivado,arquivada,FNT-000306
STA-000512,ATR-001022,PRC-010287,2022-06-01,representado,,FNT-000306
STA-000513,ATR-001022,PRC-010287,2023-01-31,arquivado,arquivada,FNT-000306
STA-000514,ATR-001091,PRC-010288,2022-06-14,representado,,FNT-000306
STA-000515,ATR-001091,PRC-010288,2022-08-08,arquivado,arquivada,FNT-000306
STA-000516,ATR-001697,PRC-010289,2022-10-20,representado,,FNT-000306
STA-000517,ATR-001697,PRC-010289,2023-01-31,arquivado,arquivada,FNT-000306
STA-000518,ATR-001697,PRC-010290,2022-10-21,representado,,FNT-000306
STA-000519,ATR-001697,PRC-010290,2023-01-31,arquivado,arquivada,FNT-000306
STA-000520,ATR-001689,PRC-010291,2023-05-23,representado,,FNT-000306
STA-000521,ATR-001689,PRC-010291,2023-09-22,arquivado,arquivada,FNT-000306
STA-000522,ATR-000686,PRC-010292,2023-05-23,representado,,FNT-000306
STA-000523,ATR-000686,PRC-010292,2024-02-06,arquivado,arquivada,FNT-000306
STA-000524,ATR-001777,PRC-010293,2023-05-23,representado,,FNT-000306
STA-000525,ATR-001777,PRC-010293,2023-09-13,arquivado,situação na fonte: Arquivada,FNT-000306
STA-000526,ATR-001655,PRC-010294,2023-05-23,representado,,FNT-000306
STA-000527,ATR-001655,PRC-010294,2023-12-05,arquivado,arquivada,FNT-000306
STA-000528,ATR-001927,PRC-010295,2023-05-29,representado,,FNT-000306
STA-000529,ATR-001927,PRC-010295,2023-12-05,arquivado,arquivada,FNT-000306
STA-000530,ATR-001648,PRC-010296,2023-05-29,representado,,FNT-000306
STA-000531,ATR-001648,PRC-010296,2023-12-14,arquivado,arquivada,FNT-000306
STA-000532,ATR-000702,PRC-010297,2023-05-29,representado,,FNT-000306
STA-000533,ATR-000702,PRC-010297,2023-12-12,arquivado,arquivada,FNT-000306
STA-000534,ATR-001594,PRC-010298,2023-05-31,representado,,FNT-000306
STA-000535,ATR-001594,PRC-010298,2023-06-12,arquivado,retirada pelo autor,FNT-000306
STA-000536,ATR-001648,PRC-010298,2023-05-31,representado,,FNT-000306
STA-000537,ATR-001648,PRC-010298,2023-06-12,arquivado,retirada pelo autor,FNT-000306
STA-000538,ATR-001927,PRC-010298,2023-05-31,representado,,FNT-000306
STA-000539,ATR-001927,PRC-010298,2023-06-12,arquivado,retirada pelo autor,FNT-000306
STA-000540,ATR-001717,PRC-010299,2023-06-12,representado,,FNT-000306
STA-000541,ATR-001717,PRC-010299,2024-07-08,arquivado,arquivada,FNT-000306
STA-000542,ATR-001648,PRC-010300,2023-06-12,representado,,FNT-000306
STA-000543,ATR-001648,PRC-010300,2023-12-14,arquivado,arquivada,FNT-000306
STA-000544,ATR-001125,PRC-010301,2023-06-12,representado,,FNT-000306
STA-000545,ATR-001125,PRC-010301,2023-12-14,arquivado,arquivada,FNT-000306
STA-000546,ATR-001594,PRC-010302,2023-06-12,representado,,FNT-000306
STA-000547,ATR-001594,PRC-010302,2024-02-06,arquivado,arquivada,FNT-000306
STA-000548,ATR-001927,PRC-010303,2023-06-12,representado,,FNT-000306
STA-000549,ATR-001927,PRC-010303,2024-07-08,arquivado,arquivada,FNT-000306
STA-000550,ATR-001771,PRC-010304,2023-06-12,representado,,FNT-000306
STA-000551,ATR-001771,PRC-010304,2024-07-08,arquivado,arquivada,FNT-000306
STA-000552,ATR-001847,PRC-010305,2023-08-07,representado,,FNT-000306
STA-000553,ATR-001847,PRC-010305,2023-09-04,arquivado,arquivada,FNT-000306
STA-000554,ATR-001944,PRC-010305,2023-08-07,representado,,FNT-000306
STA-000555,ATR-001944,PRC-010305,2023-09-04,arquivado,arquivada,FNT-000306
STA-000556,ATR-001085,PRC-010306,2023-08-07,representado,,FNT-000306
STA-000557,ATR-001085,PRC-010306,2024-02-06,arquivado,arquivada,FNT-000306
STA-000558,ATR-001022,PRC-010307,2023-08-07,representado,,FNT-000306
STA-000559,ATR-001022,PRC-010307,2023-12-13,arquivado,arquivada,FNT-000306
STA-000560,ATR-001880,PRC-010308,2023-08-07,representado,,FNT-000306
STA-000561,ATR-001880,PRC-010308,2024-02-06,arquivado,arquivada,FNT-000306
STA-000562,ATR-001944,PRC-010309,2023-08-07,representado,,FNT-000306
STA-000563,ATR-001944,PRC-010309,2024-07-08,arquivado,arquivada,FNT-000306
STA-000564,ATR-001920,PRC-010310,2023-08-07,representado,,FNT-000306
STA-000565,ATR-001920,PRC-010310,2024-02-06,arquivado,arquivada,FNT-000306
STA-000566,ATR-001840,PRC-010311,2023-08-07,representado,,FNT-000306
STA-000567,ATR-001840,PRC-010311,2024-02-06,arquivado,arquivada,FNT-000306
STA-000568,ATR-001717,PRC-010312,2023-08-07,representado,,FNT-000306
STA-000569,ATR-001717,PRC-010312,2024-07-08,arquivado,arquivada,FNT-000306
STA-000570,ATR-001920,PRC-010313,2023-12-06,representado,,FNT-000306
STA-000571,ATR-001920,PRC-010313,2024-07-08,arquivado,arquivada,FNT-000306
STA-000572,ATR-001717,PRC-010314,2023-12-06,representado,,FNT-000306
STA-000573,ATR-001717,PRC-010314,2024-04-17,arquivado,arquivada,FNT-000306
STA-000574,ATR-000672,PRC-010315,2023-12-06,representado,,FNT-000306
STA-000575,ATR-000672,PRC-010315,2024-07-08,arquivado,arquivada,FNT-000306
STA-000576,ATR-001656,PRC-010316,2023-12-06,representado,,FNT-000306
STA-000577,ATR-001656,PRC-010316,2024-04-17,arquivado,arquivada,FNT-000306
STA-000578,ATR-000674,PRC-010317,2023-12-06,representado,,FNT-000306
STA-000579,ATR-000674,PRC-010317,2024-06-04,arquivado,arquivada,FNT-000306
STA-000580,ATR-001880,PRC-010318,2023-12-06,representado,,FNT-000306
STA-000581,ATR-001880,PRC-010318,2024-06-10,arquivado,arquivada,FNT-000306
STA-000582,ATR-001697,PRC-010319,2023-12-06,representado,,FNT-000306
STA-000583,ATR-001697,PRC-010319,2024-06-05,arquivado,arquivada,FNT-000306
STA-000584,ATR-001022,PRC-010320,2024-03-27,representado,,FNT-000306
STA-000585,ATR-001022,PRC-010320,2024-06-12,arquivado,arquivada,FNT-000306
STA-000586,ATR-001594,PRC-010321,2024-03-27,representado,,FNT-000306
STA-000587,ATR-001594,PRC-010321,2024-06-19,arquivado,arquivada,FNT-000306
STA-000588,ATR-001936,PRC-010322,2024-03-27,representado,,FNT-000306
STA-000589,ATR-001936,PRC-010322,2024-07-08,arquivado,arquivada,FNT-000306
STA-000590,ATR-001659,PRC-010323,2024-03-27,representado,,FNT-000306
STA-000591,ATR-001022,PRC-010324,2024-04-22,representado,,FNT-000306
STA-000592,ATR-001816,PRC-010325,2025-04-30,representado,,FNT-000306
STA-000593,ATR-001697,PRC-010326,2025-07-11,representado,,FNT-000306
STA-000594,ATR-001816,PRC-010327,2025-08-15,representado,,FNT-000306
STA-000595,ATR-001816,PRC-010327,2025-11-25,arquivado,arquivada,FNT-000306
STA-000596,ATR-001386,PRC-010328,2025-08-15,representado,,FNT-000306
STA-000597,ATR-001386,PRC-010328,2025-11-25,arquivado,arquivada,FNT-000306
STA-000598,ATR-000674,PRC-010329,2025-08-15,representado,,FNT-000306
STA-000599,ATR-000674,PRC-010329,2025-12-03,arquivado,arquivada,FNT-000306
STA-000600,ATR-001926,PRC-010330,2025-08-15,representado,,FNT-000306
STA-000601,ATR-001926,PRC-010330,2025-12-03,arquivado,arquivada,FNT-000306
STA-000602,ATR-001697,PRC-010331,2025-08-15,representado,,FNT-000306
STA-000603,ATR-001697,PRC-010331,2025-11-26,arquivado,arquivada,FNT-000306
STA-000604,ATR-001697,PRC-010332,2025-08-15,representado,,FNT-000306
STA-000605,ATR-001816,PRC-010333,2025-08-15,representado,,FNT-000306
STA-000606,ATR-000702,PRC-010334,2025-08-15,representado,,FNT-000306
STA-000607,ATR-001655,PRC-010335,2025-08-15,representado,,FNT-000306
STA-000608,ATR-001655,PRC-010335,2025-11-26,arquivado,arquivada,FNT-000306
STA-000609,ATR-000702,PRC-010336,2025-08-15,representado,,FNT-000306
STA-000610,ATR-001576,PRC-010337,2025-08-15,representado,,FNT-000306
STA-000611,ATR-001576,PRC-010337,2025-11-25,arquivado,arquivada,FNT-000306
STA-000612,ATR-001718,PRC-010338,2025-08-15,representado,,FNT-000306
STA-000613,ATR-001718,PRC-010338,2025-11-25,arquivado,arquivada,FNT-000306
STA-000614,ATR-000702,PRC-010339,2025-08-15,representado,,FNT-000306
STA-000615,ATR-000702,PRC-010339,2025-10-22,arquivado,arquivada,FNT-000306
STA-000616,ATR-001771,PRC-010340,2025-08-15,representado,,FNT-000306
STA-000617,ATR-001771,PRC-010340,2025-11-25,arquivado,arquivada,FNT-000306
STA-000618,ATR-001697,PRC-010341,2025-08-15,representado,,FNT-000306
STA-000619,ATR-001697,PRC-010341,2025-10-08,arquivado,arquivada,FNT-000306
STA-000620,ATR-000702,PRC-010342,2025-08-15,representado,,FNT-000306
STA-000621,ATR-001855,PRC-010343,2025-08-15,representado,,FNT-000306
STA-000622,ATR-001855,PRC-010343,2025-10-08,arquivado,arquivada,FNT-000306
STA-000623,ATR-001697,PRC-010344,2025-08-15,representado,,FNT-000306
STA-000624,ATR-001697,PRC-010345,2025-08-15,representado,,FNT-000306
STA-000625,ATR-000674,PRC-010346,2025-08-15,representado,,FNT-000306
STA-000626,ATR-000674,PRC-010346,2026-02-04,arquivado,arquivada,FNT-000306
STA-000627,ATR-001835,PRC-010347,2025-09-23,representado,,FNT-000306
STA-000628,ATR-001835,PRC-010347,2026-05-05,sancao_disciplinar,suspensão de mandato ou censura aprovada,FNT-000306
STA-000629,ATR-001041,PRC-010348,2025-09-23,representado,,FNT-000306
STA-000630,ATR-001835,PRC-010349,2025-09-23,representado,,FNT-000306
STA-000631,ATR-001846,PRC-010350,2025-09-23,representado,,FNT-000306
STA-000632,ATR-000674,PRC-010351,2026-04-16,representado,,FNT-000306
STA-000633,ATR-001941,PRC-010352,2026-04-16,representado,,FNT-000306
STA-000634,ATR-000071,PRC-010353,2026-04-16,representado,,FNT-000306
STA-000635,ATR-000324,PRC-010353,2026-04-16,representado,,FNT-000306
STA-000636,ATR-000644,PRC-010353,2026-04-16,representado,,FNT-000306
STA-000637,ATR-000674,PRC-010353,2026-04-16,representado,,FNT-000306
STA-000638,ATR-001022,PRC-010353,2026-04-16,representado,,FNT-000306
STA-000639,ATR-001594,PRC-010353,2026-04-16,representado,,FNT-000306
STA-000640,ATR-001648,PRC-010353,2026-04-16,representado,,FNT-000306
STA-000641,ATR-001717,PRC-010353,2026-04-16,representado,,FNT-000306
STA-000642,ATR-001771,PRC-010353,2026-04-16,representado,,FNT-000306
STA-000643,ATR-001885,PRC-010353,2026-04-16,representado,,FNT-000306
STA-000644,ATR-001902,PRC-010353,2026-04-16,representado,,FNT-000306
STA-000645,ATR-001932,PRC-010353,2026-04-16,representado,,FNT-000306
STA-000646,ATR-002004,PRC-010353,2026-04-16,representado,,FNT-000306
STA-000647,ATR-001663,PRC-010354,2026-04-16,representado,,FNT-000306
STA-000648,ATR-001663,PRC-010355,2026-04-16,representado,,FNT-000306
STA-000649,ATR-001663,PRC-010356,2026-04-16,representado,,FNT-000306
STA-000650,ATR-001932,PRC-010357,2026-04-16,representado,,FNT-000306
STA-000651,ATR-001932,PRC-010358,2026-04-16,representado,,FNT-000306
STA-000652,ATR-000674,PRC-010359,2026-04-16,representado,,FNT-000306
STA-000653,ATR-001863,PRC-010360,2026-04-29,representado,,FNT-000306
STA-000654,ATR-002095,PRC-010361,2003-03-18,representado,,FNT-000307
STA-000655,ATR-002262,PRC-010362,2003-08-14,representado,,FNT-000307
STA-000656,ATR-002262,PRC-010362,2004-04-28,sancao_disciplinar,"pena de censura verbal, aprovada por unanimidade no Conselho de Ética",FNT-000307
STA-000657,ATR-002088,PRC-010363,2004-08-24,representado,,FNT-000307
STA-000658,ATR-002088,PRC-010363,2004-08-24,arquivado,Inadmitida a Denúncia,FNT-000307
STA-000659,ATR-002163,PRC-010363,2004-08-24,representado,,FNT-000307
STA-000660,ATR-002163,PRC-010363,2004-08-24,arquivado,Inadmitida a Denúncia,FNT-000307
STA-000661,ATR-002121,PRC-010364,2004-11-09,representado,,FNT-000307
STA-000662,ATR-002121,PRC-010364,2006-03-21,arquivado,Indeferida pelo Conselho de Ética,FNT-000307
STA-000663,ATR-002188,PRC-010365,2005-10-21,representado,,FNT-000307
STA-000664,ATR-002188,PRC-010365,2006-03-21,arquivado,Indeferida pelo Conselho de Ética,FNT-000307
STA-000665,ATR-002265,PRC-010365,2005-10-21,representado,,FNT-000307
STA-000666,ATR-002265,PRC-010365,2006-03-21,arquivado,Indeferida pelo Conselho de Ética,FNT-000307
STA-000667,ATR-002188,PRC-010366,2005-10-21,representado,,FNT-000307
STA-000668,ATR-002188,PRC-010366,2006-03-21,arquivado,Indeferida pelo Conselho de Ética,FNT-000307
STA-000669,ATR-002265,PRC-010366,2005-10-21,representado,,FNT-000307
STA-000670,ATR-002265,PRC-010366,2006-03-21,arquivado,Indeferida pelo Conselho de Ética,FNT-000307
STA-000671,ATR-002188,PRC-010367,2005-10-21,representado,,FNT-000307
STA-000672,ATR-002188,PRC-010367,2006-03-21,arquivado,Indeferida pelo Conselho de Ética,FNT-000307
STA-000673,ATR-002265,PRC-010367,2005-10-21,representado,,FNT-000307
STA-000674,ATR-002265,PRC-010367,2006-03-21,arquivado,Indeferida pelo Conselho de Ética,FNT-000307
STA-000675,ATR-002148,PRC-010368,2005-10-25,representado,,FNT-000307
STA-000676,ATR-002148,PRC-010368,2008-12-16,arquivado,Indeferida pelo Conselho de Ética,FNT-000307
STA-000677,ATR-002188,PRC-010368,2005-10-25,representado,,FNT-000307
STA-000678,ATR-002188,PRC-010368,2008-12-16,arquivado,Indeferida pelo Conselho de Ética,FNT-000307
STA-000679,ATR-002191,PRC-010369,2005-11-08,representado,,FNT-000307
STA-000680,ATR-002103,PRC-010370,2005-11-28,representado,,FNT-000307
STA-000681,ATR-002103,PRC-010370,2006-04-18,arquivado,Inadmitida a Denúncia,FNT-000307
STA-000682,ATR-001196,PRC-010371,2005-11-28,representado,,FNT-000307
STA-000683,ATR-001196,PRC-010371,2006-04-18,arquivado,Inadmitida a Denúncia,FNT-000307
STA-000684,ATR-002265,PRC-010372,2006-02-06,representado,,FNT-000307
STA-000685,ATR-002265,PRC-010372,2006-04-18,arquivado,Inadmitida a Denúncia,FNT-000307
STA-000686,ATR-002233,PRC-010373,2006-08-24,representado,,FNT-000307
STA-000687,ATR-002273,PRC-010374,2006-08-24,representado,,FNT-000307
STA-000688,ATR-002273,PRC-010374,2006-12-19,arquivado,Indeferida pelo Conselho de Ética,FNT-000307
STA-000689,ATR-002208,PRC-010375,2006-08-24,representado,,FNT-000307
STA-000690,ATR-002208,PRC-010375,2006-12-19,arquivado,Indeferida pelo Conselho de Ética,FNT-000307
STA-000691,ATR-002257,PRC-010376,2007-06-04,representado,,FNT-000307
STA-000692,ATR-002257,PRC-010376,2007-09-12,representacao_improcedente,PRS 53/2007 (perda do mandato) rejeitado pelo Plenário do Senado,FNT-000308
STA-000693,ATR-002257,PRC-010377,2007-08-16,representado,,FNT-000307
STA-000694,ATR-002257,PRC-010377,2007-11-14,arquivado,Inadmitida a Denúncia,FNT-000307
STA-000695,ATR-002257,PRC-010378,2007-09-04,representado,,FNT-000307
STA-000696,ATR-002257,PRC-010378,2007-12-04,representacao_improcedente,PRS 80/2007 (perda do mandato) rejeitado pelo Plenário do Senado,FNT-000308
STA-000697,ATR-002257,PRC-010379,2007-09-27,representado,,FNT-000307
STA-000698,ATR-002257,PRC-010379,2007-12-10,arquivado,Arquivada por inépcia da inicial,FNT-000307
STA-000699,ATR-002257,PRC-010380,2007-10-23,representado,,FNT-000307
STA-000700,ATR-002257,PRC-010380,2014-12-21,arquivado,Arquivada ao final da Legislatura (art. 332 do RISF),FNT-000307
STA-000701,ATR-002185,PRC-010381,2009-06-30,representado,,FNT-000307
STA-000702,ATR-002185,PRC-010382,2009-07-13,representado,,FNT-000307
STA-000703,ATR-002185,PRC-010383,2009-07-15,representado,,FNT-000307
STA-000704,ATR-002185,PRC-010384,2009-07-24,representado,,FNT-000307
STA-000705,ATR-002185,PRC-010385,2009-07-29,representado,,FNT-000307
STA-000706,ATR-002185,PRC-010386,2009-07-29,representado,,FNT-000307
STA-000707,ATR-002185,PRC-010387,2009-07-30,representado,,FNT-000307
STA-000708,ATR-002185,PRC-010388,2009-07-30,representado,,FNT-000307
STA-000709,ATR-002185,PRC-010389,2009-07-30,representado,,FNT-000307
STA-000710,ATR-002185,PRC-010390,2009-08-04,representado,,FNT-000307
STA-000711,ATR-002257,PRC-010391,2009-08-04,representado,,FNT-000307
STA-000712,ATR-002103,PRC-010392,2009-08-06,representado,,FNT-000307
STA-000713,ATR-002310,PRC-010393,2009-09-10,representado,,FNT-000307
STA-000714,ATR-002128,PRC-010394,2010-06-25,representado,,FNT-000307
STA-000715,ATR-002328,PRC-010395,2010-12-10,representado,,FNT-000307
STA-000716,ATR-002328,PRC-010396,2010-12-20,representado,,FNT-000307
STA-000717,ATR-002344,PRC-010397,2011-06-02,representado,,FNT-000307
STA-000718,ATR-002344,PRC-010398,2011-07-06,representado,,FNT-000307
STA-000719,ATR-001324,PRC-010399,2011-07-11,representado,,FNT-000307
STA-000720,ATR-002119,PRC-010400,2012-04-10,representado,,FNT-000307
STA-000721,ATR-002119,PRC-010400,2012-07-11,mandato_cassado,PRS 22/2012 aprovado pelo Plenário do Senado,FNT-000308
STA-000722,ATR-000409,PRC-010401,2012-12-13,representado,,FNT-000307
STA-000723,ATR-002447,PRC-010402,2013-09-30,representado,,FNT-000307
STA-000724,ATR-002257,PRC-010403,2014-03-19,representado,,FNT-000307
STA-000725,ATR-002265,PRC-010403,2014-03-19,representado,,FNT-000307
STA-000726,ATR-001655,PRC-010404,2015-10-13,representado,,FNT-000307
STA-000727,ATR-002118,PRC-010405,2015-12-01,representado,,FNT-000307
STA-000728,ATR-002118,PRC-010406,2015-12-15,representado,,FNT-000307
STA-000729,ATR-002118,PRC-010406,2016-05-10,mandato_cassado,PRS 29/2016 aprovado pelo Plenário do Senado,FNT-000308
STA-000730,ATR-000722,PRC-010407,2016-03-22,representado,,FNT-000307
STA-000731,ATR-001146,PRC-010408,2016-04-05,representado,,FNT-000307
STA-000732,ATR-001146,PRC-010409,2016-04-05,representado,,FNT-000307
STA-000733,ATR-002265,PRC-010410,2016-05-24,representado,,FNT-000307
STA-000734,ATR-002265,PRC-010411,2016-05-24,representado,,FNT-000307
STA-000735,ATR-002265,PRC-010412,2016-06-07,representado,,FNT-000307
STA-000736,ATR-002265,PRC-010412,2018-11-12,arquivado,indeferida pelo Presidente do Conselho,FNT-000307
STA-000737,ATR-000722,PRC-010413,2016-08-30,representado,,FNT-000307
STA-000738,ATR-000659,PRC-010414,2016-10-19,representado,,FNT-000307
STA-000739,ATR-000659,PRC-010414,2018-11-12,arquivado,indeferida pelo Presidente do Conselho,FNT-000307
STA-000740,ATR-002257,PRC-010415,2016-10-27,representado,,FNT-000307
STA-000741,ATR-002257,PRC-010415,2018-11-12,arquivado,indeferida pelo Presidente do Conselho,FNT-000307
STA-000742,ATR-001655,PRC-010416,2016-12-06,representado,,FNT-000307
STA-000743,ATR-000589,PRC-010417,2017-05-18,representado,,FNT-000307
STA-000744,ATR-000589,PRC-010417,2018-11-12,arquivado,rejeitada,FNT-000307
STA-000745,ATR-000236,PRC-010418,2017-07-12,representado,,FNT-000307
STA-000746,ATR-000236,PRC-010418,2017-08-09,arquivado,Indeferida pelo Conselho de Ética,FNT-000307
STA-000747,ATR-000432,PRC-010418,2017-07-12,representado,,FNT-000307
STA-000748,ATR-000432,PRC-010418,2017-08-09,arquivado,Indeferida pelo Conselho de Ética,FNT-000307
STA-000749,ATR-000722,PRC-010418,2017-07-12,representado,,FNT-000307
STA-000750,ATR-000722,PRC-010418,2017-08-09,arquivado,Indeferida pelo Conselho de Ética,FNT-000307
STA-000751,ATR-000792,PRC-010418,2017-07-12,representado,,FNT-000307
STA-000752,ATR-000792,PRC-010418,2017-08-09,arquivado,Indeferida pelo Conselho de Ética,FNT-000307
STA-000753,ATR-000811,PRC-010418,2017-07-12,representado,,FNT-000307
STA-000754,ATR-000811,PRC-010418,2017-08-09,arquivado,Indeferida pelo Conselho de Ética,FNT-000307
STA-000755,ATR-000674,PRC-010419,2017-08-09,representado,,FNT-000307
STA-000756,ATR-000674,PRC-010420,2017-08-10,representado,,FNT-000307
STA-000757,ATR-000674,PRC-010420,2019-02-04,arquivado,prejudicada,FNT-000307
STA-000758,ATR-002469,PRC-010421,2017-08-18,representado,,FNT-000307
STA-000759,ATR-002469,PRC-010421,2018-11-12,arquivado,indeferida pelo Presidente do Conselho,FNT-000307
STA-000760,ATR-000589,PRC-010422,2017-09-28,representado,,FNT-000307
STA-000761,ATR-000589,PRC-010422,2018-11-12,arquivado,indeferida pelo Presidente do Conselho,FNT-000307
STA-000762,ATR-001146,PRC-010423,2017-11-17,representado,,FNT-000307
STA-000763,ATR-001146,PRC-010423,2019-03-18,arquivado,indeferida pelo Presidente do Conselho,FNT-000307
STA-000764,ATR-000722,PRC-010424,2018-02-08,representado,,FNT-000307
STA-000765,ATR-000722,PRC-010424,2018-11-12,arquivado,indeferida pelo Presidente do Conselho,FNT-000307
STA-000766,ATR-000674,PRC-010425,2018-02-08,representado,,FNT-000307
STA-000767,ATR-000674,PRC-010425,2018-11-12,arquivado,indeferida pelo Presidente do Conselho,FNT-000307
STA-000768,ATR-001146,PRC-010426,2018-03-14,representado,,FNT-000307
STA-000769,ATR-001146,PRC-010426,2018-11-12,arquivado,indeferida pelo Presidente do Conselho,FNT-000307
STA-000770,ATR-000722,PRC-010427,2018-04-24,representado,,FNT-000307
STA-000771,ATR-000722,PRC-010427,2018-12-26,arquivado,indeferida pelo Presidente do Conselho,FNT-000307
STA-000772,ATR-000722,PRC-010428,2018-05-02,representado,,FNT-000307
STA-000773,ATR-000722,PRC-010428,2018-12-19,arquivado,indeferida pelo Presidente do Conselho,FNT-000307
STA-000774,ATR-002582,PRC-010429,2019-05-21,representado,,FNT-000307
STA-000775,ATR-002582,PRC-010430,2019-06-07,representado,,FNT-000307
STA-000776,ATR-002521,PRC-010431,2019-09-24,representado,,FNT-000307
STA-000777,ATR-002521,PRC-010431,2019-12-02,arquivado,indeferida pelo Presidente do Conselho,FNT-000307
STA-000778,ATR-002582,PRC-010432,2019-09-26,representado,,FNT-000307
STA-000779,ATR-002548,PRC-010433,2019-10-02,representado,,FNT-000307
STA-000780,ATR-002568,PRC-010434,2020-02-19,representado,,FNT-000307
STA-000781,ATR-000182,PRC-010435,2020-03-25,representado,,FNT-000307
STA-000782,ATR-002326,PRC-010436,2020-09-03,representado,,FNT-000307
STA-000783,ATR-002326,PRC-010436,2023-06-19,arquivado,indeferida pelo Presidente do Conselho,FNT-000307
STA-000784,ATR-002582,PRC-010437,2020-09-25,representado,,FNT-000307
STA-000785,ATR-002582,PRC-010438,2020-09-25,representado,,FNT-000307
STA-000786,ATR-002582,PRC-010439,2020-09-25,representado,,FNT-000307
STA-000787,ATR-002547,PRC-010440,2020-10-16,representado,,FNT-000307
STA-000788,ATR-002568,PRC-010441,2020-12-30,representado,,FNT-000307
STA-000789,ATR-002401,PRC-010442,2021-03-11,representado,,FNT-000307
STA-000790,ATR-000272,PRC-010443,2021-03-23,representado,,FNT-000307
STA-000791,ATR-000272,PRC-010443,2023-06-19,arquivado,indeferida pelo Presidente do Conselho,FNT-000307
STA-000792,ATR-002582,PRC-010444,2021-03-25,representado,,FNT-000307
STA-000793,ATR-002582,PRC-010445,2021-04-12,representado,,FNT-000307
STA-000794,ATR-000064,PRC-010446,2021-06-08,representado,,FNT-000307
STA-000795,ATR-002257,PRC-010447,2021-07-15,representado,,FNT-000307
STA-000796,ATR-002638,PRC-010448,2021-07-25,representado,,FNT-000307
STA-000797,ATR-002638,PRC-010449,2021-07-26,representado,,FNT-000307
STA-000798,ATR-002447,PRC-010450,2021-07-28,representado,,FNT-000307
STA-000799,ATR-002447,PRC-010451,2021-08-25,representado,,FNT-000307
STA-000800,ATR-000182,PRC-010452,2021-10-29,representado,,FNT-000307
STA-000801,ATR-000182,PRC-010452,2024-07-12,arquivado,indeferida pelo Presidente do Conselho,FNT-000307
STA-000802,ATR-000182,PRC-010453,2021-11-04,representado,,FNT-000307
STA-000803,ATR-002447,PRC-010454,2022-02-22,representado,,FNT-000307
STA-000804,ATR-002507,PRC-010455,2022-03-03,representado,,FNT-000307
STA-000805,ATR-002507,PRC-010455,2024-07-12,arquivado,indeferida pelo Presidente do Conselho,FNT-000307
STA-000806,ATR-002447,PRC-010456,2022-04-11,representado,,FNT-000307
STA-000807,ATR-001375,PRC-010457,2022-05-19,representado,,FNT-000307
STA-000808,ATR-000182,PRC-010458,2022-07-11,representado,,FNT-000307
STA-000809,ATR-000182,PRC-010458,2024-07-12,arquivado,indeferida pelo Presidente do Conselho,FNT-000307
STA-000810,ATR-001375,PRC-010458,2022-07-11,representado,,FNT-000307
STA-000811,ATR-001375,PRC-010458,2024-07-12,arquivado,indeferida pelo Presidente do Conselho,FNT-000307
STA-000812,ATR-002600,PRC-010458,2022-07-11,representado,,FNT-000307
STA-000813,ATR-002600,PRC-010458,2024-07-12,arquivado,indeferida pelo Presidente do Conselho,FNT-000307
STA-000814,ATR-000182,PRC-010459,2022-07-11,representado,,FNT-000307
STA-000815,ATR-000182,PRC-010459,2024-07-12,arquivado,indeferida pelo Presidente do Conselho,FNT-000307
STA-000816,ATR-001375,PRC-010459,2022-07-11,representado,,FNT-000307
STA-000817,ATR-001375,PRC-010459,2024-07-12,arquivado,indeferida pelo Presidente do Conselho,FNT-000307
STA-000818,ATR-002600,PRC-010459,2022-07-11,representado,,FNT-000307
STA-000819,ATR-002600,PRC-010459,2024-07-12,arquivado,indeferida pelo Presidente do Conselho,FNT-000307
STA-000820,ATR-001375,PRC-010460,2022-09-30,representado,,FNT-000307
STA-000821,ATR-001375,PRC-010460,2024-07-12,arquivado,indeferida pelo Presidente do Conselho,FNT-000307
STA-000822,ATR-002447,PRC-010461,2023-01-16,representado,,FNT-000307
STA-000823,ATR-002447,PRC-010462,2023-02-06,representado,,FNT-000307
STA-000824,ATR-002600,PRC-010463,2023-02-06,representado,,FNT-000307
STA-000825,ATR-002660,PRC-010464,2023-02-09,representado,,FNT-000307
STA-000826,ATR-002660,PRC-010464,2023-06-19,arquivado,indeferida pelo Presidente do Conselho,FNT-000307
STA-000827,ATR-002447,PRC-010465,2023-02-17,representado,,FNT-000307
STA-000828,ATR-002568,PRC-010466,2023-03-22,representado,,FNT-000307
STA-000829,ATR-002600,PRC-010466,2023-03-22,representado,,FNT-000307
STA-000830,ATR-002600,PRC-010467,2023-04-14,representado,,FNT-000307
STA-000831,ATR-002547,PRC-010468,2023-04-14,representado,,FNT-000307
STA-000832,ATR-002208,PRC-010469,2023-05-24,representado,,FNT-000307
STA-000833,ATR-002208,PRC-010470,2023-05-24,representado,,FNT-000307
STA-000834,ATR-002548,PRC-010471,2023-06-14,representado,,FNT-000307
STA-000835,ATR-002582,PRC-010472,2023-06-14,representado,,FNT-000307
STA-000836,ATR-002582,PRC-010472,2024-07-09,arquivado,Indeferida pelo Conselho de Ética,FNT-000307
STA-000837,ATR-002582,PRC-010473,2023-06-14,representado,,FNT-000307
STA-000838,ATR-002582,PRC-010473,2024-07-09,arquivado,Indeferida pelo Conselho de Ética,FNT-000307
STA-000839,ATR-002638,PRC-010474,2023-06-14,representado,,FNT-000307
STA-000840,ATR-002638,PRC-010474,2024-07-09,arquivado,Indeferida pelo Conselho de Ética,FNT-000307
STA-000841,ATR-002447,PRC-010475,2023-06-14,representado,,FNT-000307
STA-000842,ATR-002447,PRC-010475,2024-07-09,arquivado,Indeferida pelo Conselho de Ética,FNT-000307
STA-000843,ATR-002547,PRC-010476,2023-06-14,representado,,FNT-000307
STA-000844,ATR-002600,PRC-010477,2023-06-16,representado,,FNT-000307
STA-000845,ATR-002600,PRC-010478,2023-06-22,representado,,FNT-000307
STA-000846,ATR-001314,PRC-010479,2023-06-23,representado,,FNT-000307
STA-000847,ATR-001314,PRC-010479,2024-07-12,arquivado,indeferida pelo Presidente do Conselho,FNT-000307
STA-000848,ATR-001314,PRC-010480,2023-07-12,representado,,FNT-000307
STA-000849,ATR-001314,PRC-010481,2023-07-18,representado,,FNT-000307
STA-000850,ATR-002600,PRC-010482,2023-08-24,representado,,FNT-000307
STA-000851,ATR-002600,PRC-010483,2024-06-27,representado,,FNT-000307
STA-000852,ATR-002582,PRC-010484,2024-07-09,representado,,FNT-000307
STA-000853,ATR-002638,PRC-010485,2024-07-09,representado,,FNT-000307
STA-000854,ATR-002447,PRC-010486,2024-07-09,representado,,FNT-000307
STA-000855,ATR-002447,PRC-010487,2024-07-09,representado,,FNT-000307
STA-000856,ATR-002600,PRC-010488,2024-07-09,representado,,FNT-000307
STA-000857,ATR-002568,PRC-010489,2024-07-09,representado,,FNT-000307
STA-000858,ATR-002600,PRC-010490,2024-07-09,representado,,FNT-000307
STA-000859,ATR-001118,PRC-010491,2024-08-08,representado,,FNT-000307
STA-000860,ATR-002401,PRC-010491,2024-08-08,representado,,FNT-000307
STA-000861,ATR-002701,PRC-010491,2024-08-08,representado,,FNT-000307
STA-000862,ATR-002600,PRC-010492,2024-09-04,representado,,FNT-000307
STA-000863,ATR-002678,PRC-010493,2024-12-09,representado,,FNT-000307
STA-000864,ATR-001285,PRC-010494,2025-03-20,representado,,FNT-000307
STA-000865,ATR-001285,PRC-010495,2025-03-26,representado,,FNT-000307
STA-000866,ATR-002383,PRC-010496,2025-03-27,representado,,FNT-000307
STA-000867,ATR-001263,PRC-010497,2025-05-28,representado,,FNT-000307
STA-000868,ATR-001285,PRC-010497,2025-05-28,representado,,FNT-000307
STA-000869,ATR-001285,PRC-010498,2025-05-29,representado,,FNT-000307
STA-000870,ATR-001263,PRC-010499,2025-05-29,representado,,FNT-000307
STA-000871,ATR-000182,PRC-010500,2025-08-08,representado,,FNT-000307
STA-000872,ATR-000182,PRC-010501,2025-09-04,representado,,FNT-000307
STA-000873,ATR-002678,PRC-010502,2025-09-15,representado,,FNT-000307
STA-000874,ATR-002600,PRC-010503,2026-01-07,representado,,FNT-000307
STA-000875,ATR-000182,PRC-010504,2026-03-09,representado,,FNT-000307
STA-000876,ATR-002571,PRC-010505,2026-03-30,representado,,FNT-000307
STA-000877,ATR-002571,PRC-010506,2026-03-30,representado,,FNT-000307
STA-000878,ATR-002637,PRC-010507,2026-04-01,representado,,FNT-000307
STA-000879,ATR-002568,PRC-010508,2026-05-13,representado,,FNT-000307
STA-000880,ATR-002568,PRC-010509,2026-05-14,representado,,FNT-000307
STA-000881,ATR-000409,PRC-010510,2026-05-14,representado,,FNT-000307
STA-000882,ATR-000182,PRC-010511,2026-06-03,representado,,FNT-000307
STA-000883,ATR-000409,PRC-010512,2026-06-17,representado,,FNT-000307
STA-000884,ATR-002568,PRC-010513,2026-08-03,representado,,FNT-000307
STA-000885,ATR-002581,PRC-010514,2026-08-03,representado,,FNT-000307
STA-000886,ATR-000409,PRC-010515,2026-08-10,representado,,FNT-000307
STA-000887,ATR-002568,PRC-010516,2026-09-02,representado,,FNT-000307
STA-000888,ATR-000182,PRC-010517,2026-09-04,representado,,FNT-000307
STA-000889,ATR-000182,PRC-010518,2026-09-04,representado,,FNT-000307
STA-000890,ATR-000182,PRC-010519,2026-09-04,representado,,FNT-000307
STA-000891,ATR-000182,PRC-010520,2026-09-10,representado,,FNT-000307
STA-000892,ATR-000182,PRC-010521,2026-09-10,representado,,FNT-000307
STA-000893,ATR-000182,PRC-010522,2026-09-10,representado,,FNT-000307
