Nome,Decisões (trânsito em julgado),Período das decisões,Cargo na data da última decisão (base),Partido na data da última decisão,Natureza do registro
Lúcia Braga,30,2017–2023,"último mandato anterior: Deputado federal (titular), legislatura 52 (2003–2007)",sem filiação na data,Contas julgadas irregulares pelo TCU (processo de contas; não é condenação penal)
Maria Lúcia Cardoso,18,2016–2018,"último mandato anterior: Deputado federal (titular), legislatura 53 (2007–2011)",sem filiação na data,Contas julgadas irregulares pelo TCU (processo de contas; não é condenação penal)
Eliseu Moura,17,2010–2022,"último mandato anterior: Deputado federal (suplente), legislatura 52 (2003–2004)",sem filiação na data,Contas julgadas irregulares pelo TCU (processo de contas; não é condenação penal)
Antonio Nogueira,12,2016–2023,"último mandato anterior: Deputado federal (titular), legislatura 52 (2003–2004)",sem filiação na data,Contas julgadas irregulares pelo TCU (processo de contas; não é condenação penal)
Francisco Flamarion Portela,11,2012–2019,sem mandato federal na base,sem filiação na data,Contas julgadas irregulares pelo TCU (processo de contas; não é condenação penal)
Neilton Mulim,9,2019–2024,"último mandato anterior: Deputado federal (titular), legislatura 54 (2011–2012)",sem filiação na data,Contas julgadas irregulares pelo TCU (processo de contas; não é condenação penal)
Euricelia Cardoso,8,2014–2024,"último mandato anterior: Deputado federal (suplente), legislatura 55 (2018–2018)",sem filiação na data,Contas julgadas irregulares pelo TCU (processo de contas; não é condenação penal)
Neudo Campos,8,2013–2018,"último mandato anterior: Deputado federal (titular), legislatura 53 (2007–2010)",sem filiação na data,Contas julgadas irregulares pelo TCU (processo de contas; não é condenação penal)
Zé Vieira,7,2009–2018,"último mandato anterior: Deputado federal (titular), legislatura 54 (2011–2015)",sem filiação na data,Contas julgadas irregulares pelo TCU (processo de contas; não é condenação penal)
Dr. Ribamar Alves,7,2023–2025,"último mandato anterior: Deputado federal (titular), legislatura 54 (2011–2012)",sem filiação na data,Contas julgadas irregulares pelo TCU (processo de contas; não é condenação penal)
Sandro Matos,6,2020–2025,"último mandato anterior: Deputado federal (titular), legislatura 53 (2007–2008)",sem filiação na data,Contas julgadas irregulares pelo TCU (processo de contas; não é condenação penal)
Jerônimo Reis,6,2006–2016,"último mandato anterior: Deputado federal (titular), legislatura 53 (2007–2010)",sem filiação na data,Contas julgadas irregulares pelo TCU (processo de contas; não é condenação penal)
Gervásio Oliveira,5,2012–2022,"último mandato anterior: Deputado federal (titular), legislatura 52 (2003–2007)",sem filiação na data,Contas julgadas irregulares pelo TCU (processo de contas; não é condenação penal)
Homero Pereira,5,2013–2021,"último mandato anterior: Deputado federal (titular), legislatura 54 (2011–2013)",sem filiação na data,Contas julgadas irregulares pelo TCU (processo de contas; não é condenação penal)
Paulo Marinho,5,2005–2018,"último mandato anterior: Deputado federal (titular), legislatura 52 (2003–2005)",sem filiação na data,Contas julgadas irregulares pelo TCU (processo de contas; não é condenação penal)
