Medida,Eleição,Universo,Candidaturas,Com registro,%
Conta julgada irregular no TCU até o 1º turno,2010,candidatos,22537,146,0.65
Conta julgada irregular no TCU até o 1º turno,2010,eleitos,1654,25,1.51
Conta julgada irregular no TCU até o 1º turno,2014,candidatos,26161,112,0.43
Conta julgada irregular no TCU até o 1º turno,2014,eleitos,1709,17,0.99
Conta julgada irregular no TCU até o 1º turno,2018,candidatos,29153,136,0.47
Conta julgada irregular no TCU até o 1º turno,2018,eleitos,1787,18,1.01
Conta julgada irregular no TCU até o 1º turno,2022,candidatos,29262,174,0.59
Conta julgada irregular no TCU até o 1º turno,2022,eleitos,1709,19,1.11
Conta julgada irregular no TCU até o 1º turno,todos,candidatos,107113,568,0.53
Conta julgada irregular no TCU até o 1º turno,todos,eleitos,6859,79,1.15
Candidatura indeferida ou cassada por motivo do eixo 1 (TSE),2018,candidatos,29153,235,0.81
Candidatura indeferida ou cassada por motivo do eixo 1 (TSE),2018,eleitos,1787,2,0.11
Candidatura indeferida ou cassada por motivo do eixo 1 (TSE),2022,candidatos,29262,213,0.73
Candidatura indeferida ou cassada por motivo do eixo 1 (TSE),2022,eleitos,1709,2,0.12
Candidatura indeferida ou cassada por motivo do eixo 1 (TSE),todos,candidatos,58415,448,0.77
Candidatura indeferida ou cassada por motivo do eixo 1 (TSE),todos,eleitos,3496,4,0.11
