UF,Pago 2017–2026 (R$ mi),População 2025,R$ por habitante
AP,2957.2,806517,3667.0
RR,2116.2,738772,2865.0
AC,2191.8,884372,2478.0
TO,2912.5,1586859,1835.0
PI,5045.2,3384547,1491.0
SE,3152.5,2299425,1371.0
RO,2322.2,1751950,1326.0
AL,3877.6,3220848,1204.0
RN,3486.3,3455236,1009.0
AM,4198.4,4321616,971.0
PB,3990.5,4164468,958.0
MA,6315.3,7018211,900.0
MS,2597.6,2924631,888.0
MT,3192.9,3893659,820.0
CE,7233.3,9268836,780.0
ES,2936.8,4126854,712.0
PA,5744.1,8711196,659.0
PE,6147.8,9562007,643.0
SC,5099.6,8187029,623.0
GO,4588.4,7423629,618.0
BA,8844.4,14870907,595.0
RS,6393.2,11233263,569.0
MG,10998.7,21393441,514.0
PR,6088.7,11890517,512.0
RJ,8159.2,17223547,474.0
DF,1134.2,2996899,378.0
SP,13442.7,46081801,292.0
