Série,Dimensão,2003–06,2007–10,2011–14,2015–18,2019–22,2023–26
Empresas no dinheiro dos eleitos (%),Financiamento eleitoral,"· 61,6","↓ 45,6","→ 32,9","↓ 0,0","→ 0,0",sem cobertura
Fundos eleitorais públicos no dinheiro dos eleitos (%),Financiamento eleitoral,"· 0,0","→ 0,0","→ 0,0","↑ 78,6","→ 83,1",sem cobertura
Gini das receitas dos eleitos,Financiamento eleitoral,"· 0,44","→ 0,44","→ 0,45","↓ 0,35","↓ 0,25",sem cobertura
Receita mediana real por eleito (R$ mil),Financiamento eleitoral,· 1.054,↑ 2.000,→ 2.027,↓ 1.579,↑ 2.289,sem cobertura
Recursos próprios no dinheiro dos eleitos (%),Financiamento eleitoral,"· 13,3","↓ 8,4","→ 8,3","→ 8,0","↓ 2,1",sem cobertura
Transferências de partidos no dinheiro dos eleitos (%),Financiamento eleitoral,"· 9,8","↑ 34,0","↑ 47,8","↓ 0,9","→ 2,7",sem cobertura
Despesa total da União (R$ bi reais),Recursos públicos,· 1.054,↑ 1.483,↑ 1.848,→ 2.041,→ 2.295,→ 2.455
Fundo eleitoral (FEFC) pago (R$ bi reais),Recursos públicos,sem cobertura,sem cobertura,sem cobertura,"· 2,6","↑ 4,4","↑ 5,4"
Desigualdade per capita entre UF (Gini),Emendas parlamentares,sem cobertura,sem cobertura,sem cobertura,"· 0,48","↓ 0,33","→ 0,36"
Emendas pagas (% da despesa total),Emendas parlamentares,sem cobertura,sem cobertura,sem cobertura,"· 0,4","↑ 0,8","↑ 1,3"
Emendas pagas (R$ bi reais),Emendas parlamentares,sem cobertura,sem cobertura,sem cobertura,"· 8,4","↑ 18,8","↑ 29,8"
Emendas sem autor parlamentar identificado (% do pago),Emendas parlamentares,sem cobertura,sem cobertura,sem cobertura,"· 50,9","→ 56,2","↓ 33,6"
Transferências especiais (% do pago),Emendas parlamentares,sem cobertura,sem cobertura,sem cobertura,"· 0,0","↑ 6,4","↑ 23,9"
Discricionárias do Executivo (% da despesa total),Execução orçamentária,sem cobertura,"· 14,9","↓ 13,4","↓ 10,2","↓ 8,3","→ 8,5"
Discricionárias do Executivo (R$ bi reais),Execução orçamentária,sem cobertura,· 233,→ 247,↓ 209,↓ 185,↑ 209
"Execução das emendas (pago/empenhado, %)",Execução orçamentária,sem cobertura,sem cobertura,sem cobertura,"· 38,0","↑ 51,3","↑ 65,1"
Cadeiras da base do governo (%),Partidos,"· 74,5","→ 76,5","→ 78,2","→ 75,8","→ 74,2","↓ 66,2"
Mudanças individuais de partido,Partidos,"· 68,5","↓ 28,2","→ 45,8","↑ 84,2","→ 72,8","→ 63,0"
Número efetivo de partidos (Câmara),Partidos,"· 8,9","→ 9,4","↑ 10,8","↑ 13,5","↑ 15,7","↓ 10,0"
Reeleição dos deputados que concorreram (%),Partidos,"· 64,4","↑ 73,1","→ 73,3","↓ 63,0","↑ 66,5",sem cobertura
Ações penais com réu parlamentar em curso no STF,STF,"· 26,5","↑ 65,0",↑ 104,"↓ 61,5","↓ 10,5","→ 2,8"
Declínios de competência (réu parlamentar),STF,"· 0,2","→ 3,5","→ 7,8","↑ 19,5","↓ 2,5","→ 0,7"
Idade mediana das ações em curso (anos),STF,"· 1,4","→ 1,8","→ 2,1","→ 1,9","↑ 4,8","↓ 1,3"
Julgamentos de mérito (réu parlamentar),STF,"· 1,0","→ 2,8","↑ 6,5","↑ 9,5","↓ 3,8","↓ 0,3"
"Contas irregulares no TCU, pessoas da base",Controle administrativo,"· 2,8","→ 3,5","↑ 8,8","↑ 19,2","→ 20,0","↓ 13,7"
Representações nos Conselhos de Ética,Controle administrativo,"· 28,0","↓ 7,5","→ 7,0","→ 15,0","→ 23,8","↑ 36,3"
Sanções a empresas registradas (CGU),Controle administrativo,sem cobertura,sem cobertura,sem cobertura,"· 15,2",↑ 132,↑ 397
Atos bilaterais assinados,Política externa,· 174,↑ 292,↓ 118,"→ 74,0","→ 38,5","↑ 87,0"
Coincidência com a maioria das democracias (%),Política externa,"· 48,3","→ 44,2","↑ 71,9","→ 63,5","→ 67,2","↓ 8,3"
Operações de exportação de serviços (BNDES),Política externa,"· 64,8",↑ 111,↑ 165,↓ 107,→ 115,→ 139
Votos a favor de resoluções de escrutínio (%),Política externa,"· 56,7","→ 48,3","↑ 74,7","↓ 63,8","→ 71,3","↓ 34,9"
Exportações para países Não Livres (%),Comércio exterior,"· 14,2","↑ 21,2","↑ 28,3","↑ 33,9","↑ 40,0","→ 40,1"
Democracia liberal do Brasil (V-Dem),Indicadores democráticos,"· 0,74","→ 0,77","→ 0,78","↓ 0,67","↓ 0,53","↑ 0,70"
Pontuação do Brasil (Freedom House),Indicadores democráticos,sem cobertura,sem cobertura,"· 81,0","↓ 78,2","↓ 73,5","→ 72,0"
