codigo,rotulo,nivel_maximo
membro_de,é membro de,
observador_de,é observador em,
parte_em_contrato,é parte em contrato com,
financiou,financiou,
controla,controla,
subsidiaria_de,é subsidiária de,
participou_de,participou de,
representou_brasil_em,representou o Brasil em,
indicou,indicou,
relator_de,foi relator de,
fundiu_se_em,fundiu-se em,
incorporado_por,foi incorporado por,
signataria_de,é signatária de,
sancionada_em,foi sancionada em,
citado_em_colaboracao,foi citado em colaboração premiada de,alegado
citado_em_reportagem,foi citado em reportagem sobre,alegado
